1521056057525,96.0,0.0,0.0,3,sitting
1521056058729,108.0,0.0,0.0,3,sitting
1521056060149,120.0,0.0,0.0,3,sitting
1521056061050,108.0,0.0,0.0,3,sitting
1521056061489,120.0,0.0,0.0,3,sitting
1521056061809,108.0,0.0,0.0,3,sitting
1521056062029,96.0,0.0,0.0,3,sitting
1521056062249,108.0,0.0,0.0,3,sitting
1521056062930,120.0,0.0,0.0,3,sitting
1521056063029,168.0,0.0,0.0,3,sitting
1521056063149,264.0,0.0,0.0,3,sitting
1521056063249,480.0,0.0,0.0,3,sitting
1521056063369,720.0,0.0,0.0,3,sitting
1521056063473,816.0,0.0,0.0,3,sitting
1521056063589,888.0,0.0,0.0,3,sitting
1521056063689,900.0,0.0,0.0,3,sitting
1521056063809,756.0,0.0,0.0,3,sitting
1521056063909,420.0,0.0,0.0,3,sitting
1521056064029,252.0,0.0,0.0,3,sitting
1521056064129,240.0,0.0,0.0,3,sitting
1521056064249,216.0,0.0,0.0,3,sitting
1521056064349,192.0,0.0,0.0,3,sitting
1521056064469,168.0,0.0,0.0,3,sitting
1521056064689,144.0,0.0,0.0,3,sitting
1521056064809,120.0,0.0,0.0,3,sitting
1521056064909,96.0,0.0,0.0,3,sitting
1521056065129,84.0,0.0,0.0,3,sitting
1521056065689,72.0,0.0,0.0,3,sitting
1521056065909,84.0,0.0,0.0,3,sitting
1521056066129,72.0,0.0,0.0,3,sitting
1521056067449,60.0,0.0,0.0,3,sitting
1521056068009,72.0,0.0,0.0,3,sitting
1521056068229,60.0,0.0,0.0,3,sitting
1521056073310,48.0,0.0,0.0,3,sitting
1521056073530,60.0,0.0,0.0,3,sitting
1521056075969,48.0,0.0,0.0,3,sitting
1521056085690,36.0,0.0,0.0,3,sitting
1521056089670,48.0,0.0,0.0,3,sitting
1521056089789,36.0,0.0,0.0,3,sitting
1521056091770,48.0,0.0,0.0,3,sitting
1521056092110,36.0,0.0,0.0,3,sitting
1521056092210,48.0,0.0,0.0,3,sitting
1521056092870,36.0,0.0,0.0,3,sitting
1521056092990,48.0,0.0,0.0,3,sitting
1521056093430,36.0,0.0,0.0,3,sitting
1521056093649,48.0,0.0,0.0,3,sitting
1521056093869,36.0,0.0,0.0,3,sitting
1521056093972,48.0,0.0,0.0,3,sitting
1521056095530,36.0,0.0,0.0,3,sitting
1521056097409,48.0,0.0,0.0,3,sitting
1521056097509,36.0,0.0,0.0,3,sitting
1521056097629,48.0,0.0,0.0,3,sitting
1521056097729,36.0,0.0,0.0,3,sitting
1521056097850,48.0,0.0,0.0,3,sitting
1521056099510,36.0,0.0,0.0,3,sitting
1521056100949,48.0,0.0,0.0,3,sitting
1521056101609,36.0,0.0,0.0,3,sitting
1521056102609,48.0,0.0,0.0,3,sitting
1521056106149,36.0,0.0,0.0,3,sitting
1521056106249,48.0,0.0,0.0,3,sitting
1521056116189,36.0,0.0,0.0,3,sitting
1521056116311,48.0,0.0,0.0,3,sitting
1521056116410,36.0,0.0,0.0,3,sitting
1521056116750,48.0,0.0,0.0,3,sitting
1521056117970,36.0,0.0,0.0,3,sitting
1521056118970,48.0,0.0,0.0,3,sitting
1521056119190,36.0,0.0,0.0,3,sitting
1521056119289,48.0,0.0,0.0,3,sitting
1521056120069,36.0,0.0,0.0,3,sitting
1521056120169,48.0,0.0,0.0,3,sitting
1521056120390,36.0,0.0,0.0,3,sitting
1521056124490,48.0,0.0,0.0,3,sitting
1521056126909,36.0,0.0,0.0,3,sitting
1521056127030,72.0,0.0,0.0,3,sitting
1521056127149,240.0,0.0,0.0,3,sitting
1521056127249,108.0,0.0,0.0,3,sitting
1521056127369,48.0,0.0,0.0,3,sitting
1521056127469,60.0,0.0,0.0,3,sitting
1521056127589,84.0,0.0,0.0,3,sitting
1521056127809,96.0,0.0,0.0,3,sitting
1521056128030,84.0,0.0,0.0,3,sitting
1521056128570,96.0,0.0,0.0,3,sitting
1521056130353,108.0,0.0,0.0,3,sitting
1521056131009,252.0,0.0,0.0,3,sitting
1521056131129,468.0,0.0,0.0,3,sitting
1521056131230,492.0,0.0,0.0,3,sitting
1521056131349,288.0,0.0,0.0,3,sitting
1521056131462,192.0,0.0,0.0,3,sitting
1521056131570,168.0,0.0,0.0,3,sitting
1521056131669,180.0,0.0,0.0,3,sitting
1521056131789,156.0,0.0,0.0,3,sitting
1521056131889,144.0,0.0,0.0,3,sitting
1521056132009,132.0,0.0,0.0,3,sitting
1521056132109,120.0,0.0,0.0,3,sitting
1521056132230,108.0,0.0,0.0,3,sitting
1521056132329,96.0,0.0,0.0,3,sitting
1521056132550,108.0,0.0,0.0,3,sitting
1521056132670,96.0,0.0,0.0,3,sitting
1521056132790,108.0,0.0,0.0,3,sitting
1521056133009,96.0,0.0,0.0,3,sitting
1521056133550,84.0,0.0,0.0,3,sitting
1521056133670,96.0,0.0,0.0,3,sitting
1521056134329,108.0,0.0,0.0,3,sitting
1521056134550,120.0,0.0,0.0,3,sitting
1521056136990,132.0,0.0,0.0,3,sitting
1521056137310,120.0,0.0,0.0,3,sitting
1521056137429,132.0,0.0,0.0,3,sitting
1521056138189,120.0,0.0,0.0,3,sitting
1521056138969,108.0,0.0,0.0,3,sitting
1521056139189,96.0,0.0,0.0,3,sitting
1521056139409,84.0,0.0,0.0,3,sitting
1521056139530,96.0,0.0,0.0,3,sitting
1521056139629,108.0,0.0,0.0,3,sitting
1521056139749,132.0,0.0,0.0,3,sitting
1521056139849,144.0,0.0,0.0,3,sitting
1521056139970,156.0,0.0,0.0,3,sitting
1521056140069,144.0,0.0,0.0,3,sitting
1521056140290,156.0,0.0,0.0,3,sitting
1521056140410,168.0,0.0,0.0,3,sitting
1521056140629,216.0,0.0,0.0,3,sitting
1521056140749,324.0,0.0,0.0,3,sitting
1521056140849,444.0,0.0,0.0,3,sitting
1521056140969,528.0,0.0,0.0,3,sitting
1521056141069,84.0,0.0,0.0,3,sitting
1521056141189,24.0,0.0,0.0,3,sitting
1521056141290,0.0,0.0,0.0,3,sitting
1521056141410,0.0,0.0,0.0,3,sitting
1521056142289,0.0,0.0,0.0,3,sitting
1521056142390,12.0,0.0,0.0,3,sitting
1521056142612,24.0,0.0,0.0,3,sitting
1521056142730,36.0,0.0,0.0,3,sitting
1521056142849,60.0,0.0,0.0,3,sitting
1521056142950,348.0,0.0,0.0,3,sitting
1521056143070,528.0,0.0,0.0,3,sitting
1521056143170,600.0,0.0,0.0,3,sitting
1521056143390,588.0,0.0,0.0,3,sitting
1521056143510,552.0,0.0,0.0,3,sitting
1521056143609,516.0,0.0,0.0,3,sitting
1521056143730,504.0,0.0,0.0,3,sitting
1521056143834,480.0,0.0,0.0,3,sitting
1521056144169,492.0,0.0,0.0,3,sitting
1521056144389,516.0,0.0,0.0,3,sitting
1521056144510,528.0,0.0,0.0,3,sitting
1521056144950,540.0,0.0,0.0,3,sitting
1521056145490,552.0,0.0,0.0,3,sitting
1521056145610,540.0,0.0,0.0,3,sitting
1521056145709,552.0,0.0,0.0,3,sitting
1521056146050,540.0,0.0,0.0,3,sitting
1521056146170,552.0,0.0,0.0,3,sitting
1521056146710,564.0,0.0,0.0,3,sitting
1521056147050,576.0,0.0,0.0,3,sitting
1521056149809,588.0,0.0,0.0,3,sitting
1521056149910,576.0,0.0,0.0,3,sitting
1521056150030,588.0,0.0,0.0,3,sitting
1521056150350,576.0,0.0,0.0,3,sitting
1521056150470,588.0,0.0,0.0,3,sitting
1521056150570,576.0,0.0,0.0,3,sitting
1521056151690,564.0,0.0,0.0,3,sitting
1521056151790,576.0,0.0,0.0,3,sitting
1521056152129,564.0,0.0,0.0,3,sitting
1521056152230,576.0,0.0,0.0,3,sitting
1521056152569,564.0,0.0,0.0,3,sitting
1521056152669,576.0,0.0,0.0,3,sitting
1521056155889,588.0,0.0,0.0,3,sitting
1521056155989,576.0,0.0,0.0,3,sitting
1521056161069,564.0,0.0,0.0,3,sitting
1521056161189,576.0,0.0,0.0,3,sitting
1521056161851,564.0,0.0,0.0,3,sitting
1521056161949,552.0,0.0,0.0,3,sitting
1521056162069,540.0,0.0,0.0,3,sitting
1521056162169,504.0,0.0,0.0,3,sitting
1521056162289,480.0,0.0,0.0,3,sitting
1521056162509,468.0,0.0,0.0,3,sitting
1521056162732,456.0,0.0,0.0,3,sitting
1521056162849,444.0,0.0,0.0,3,sitting
1521056162949,432.0,0.0,0.0,3,sitting
1521056163169,420.0,0.0,0.0,3,sitting
1521056163729,432.0,0.0,0.0,3,sitting
1521056164729,444.0,0.0,0.0,3,sitting
1521056164830,432.0,0.0,0.0,3,sitting
1521056164949,444.0,0.0,0.0,3,sitting
1521056170470,456.0,0.0,0.0,3,sitting
1521056170590,444.0,0.0,0.0,3,sitting
1521056172569,456.0,0.0,0.0,3,sitting
1521056172790,444.0,0.0,0.0,3,sitting
1521056173009,456.0,0.0,0.0,3,sitting
1521056173229,444.0,0.0,0.0,3,sitting
1521056173349,456.0,0.0,0.0,3,sitting
1521056177989,468.0,0.0,0.0,3,sitting
1521056178110,456.0,0.0,0.0,3,sitting
1521056178770,468.0,0.0,0.0,3,sitting
1521056179090,456.0,0.0,0.0,3,sitting
1521056179309,468.0,0.0,0.0,3,sitting
1521056179429,456.0,0.0,0.0,3,sitting
1521056179650,468.0,0.0,0.0,3,sitting
1521056179870,456.0,0.0,0.0,3,sitting
1521056180090,468.0,0.0,0.0,3,sitting
1521056180750,456.0,0.0,0.0,3,sitting
1521056180870,468.0,0.0,0.0,3,sitting
1521056181190,456.0,0.0,0.0,3,sitting
1521056181310,468.0,0.0,0.0,3,sitting
1521056181969,456.0,0.0,0.0,3,sitting
1521056182089,468.0,0.0,0.0,3,sitting
1521056194029,456.0,0.0,0.0,3,sitting
1521056194589,468.0,0.0,0.0,3,sitting
1521056194809,456.0,0.0,0.0,3,sitting
1521056195029,468.0,0.0,0.0,3,sitting
1521056197909,480.0,0.0,0.0,3,sitting
1521056198009,456.0,0.0,0.0,3,sitting
1521056198131,444.0,0.0,0.0,3,sitting
1521056198229,384.0,0.0,0.0,3,sitting
1521056198350,204.0,0.0,0.0,3,sitting
1521056198449,132.0,0.0,0.0,3,sitting
1521056198570,108.0,0.0,0.0,3,sitting
1521056198670,96.0,0.0,0.0,3,sitting
1521056198790,84.0,0.0,0.0,3,sitting
1521056199009,96.0,0.0,0.0,3,sitting
1521056199230,108.0,0.0,0.0,3,sitting
1521056199670,132.0,0.0,0.0,3,sitting
1521056199770,120.0,0.0,0.0,3,sitting
1521056200230,108.0,0.0,0.0,3,sitting
1521056200450,120.0,0.0,0.0,3,sitting
1521056202329,108.0,0.0,0.0,3,sitting
1521056202549,120.0,0.0,0.0,3,sitting
1521056202649,108.0,0.0,0.0,3,sitting
1521056203769,120.0,0.0,0.0,3,sitting
1521056204089,108.0,0.0,0.0,3,sitting
1521056204530,120.0,0.0,0.0,3,sitting
1521056204649,132.0,0.0,0.0,3,sitting
1521056205090,156.0,0.0,0.0,3,sitting
1521056205189,168.0,0.0,0.0,3,sitting
1521056205309,192.0,0.0,0.0,3,sitting
1521056205409,240.0,0.0,0.0,3,sitting
1521056205529,288.0,0.0,0.0,3,sitting
1521056205649,264.0,0.0,0.0,3,sitting
1521056205750,252.0,0.0,0.0,3,sitting
1521056205869,240.0,0.0,0.0,3,sitting
1521056205969,228.0,0.0,0.0,3,sitting
1521056206089,216.0,0.0,0.0,3,sitting
1521056206189,228.0,0.0,0.0,3,sitting
1521056206409,216.0,0.0,0.0,3,sitting
1521056206629,228.0,0.0,0.0,3,sitting
1521056207189,216.0,0.0,0.0,3,sitting
1521056208070,204.0,0.0,0.0,3,sitting
1521056209070,216.0,0.0,0.0,3,sitting
1521056209416,228.0,0.0,0.0,3,sitting
1521056210509,216.0,0.0,0.0,3,sitting
1521056210609,228.0,0.0,0.0,3,sitting
1521056210730,216.0,0.0,0.0,3,sitting
1521056210950,204.0,0.0,0.0,3,sitting
1521056211389,168.0,0.0,0.0,3,sitting
1521056211510,132.0,0.0,0.0,3,sitting
1521056211609,156.0,0.0,0.0,3,sitting
1521056211729,180.0,0.0,0.0,3,sitting
1521056211830,192.0,0.0,0.0,3,sitting
1521056211949,216.0,0.0,0.0,3,sitting
1521056212169,192.0,0.0,0.0,3,sitting
1521056212269,168.0,0.0,0.0,3,sitting
1521056212389,144.0,0.0,0.0,3,sitting
1521056212490,132.0,0.0,0.0,3,sitting
1521056212610,108.0,0.0,0.0,3,sitting
1521056212730,96.0,0.0,0.0,3,sitting
1521056212830,84.0,0.0,0.0,3,sitting
1521056212950,72.0,0.0,0.0,3,sitting
1521056214150,60.0,0.0,0.0,3,sitting
1521056215492,48.0,0.0,0.0,3,sitting
1521056217590,36.0,0.0,0.0,3,sitting
1521056218690,24.0,0.0,0.0,3,sitting
1521056219030,12.0,0.0,0.0,3,sitting
1521056219130,24.0,0.0,0.0,3,sitting
1521056219250,36.0,0.0,0.0,3,sitting
1521056219350,48.0,0.0,0.0,3,sitting
1521056220350,60.0,0.0,0.0,3,sitting
1521056220449,48.0,0.0,0.0,3,sitting
1521056220570,24.0,0.0,0.0,3,sitting
1521056220909,36.0,0.0,0.0,3,sitting
1521056224330,48.0,0.0,0.0,3,sitting
1521056224649,36.0,0.0,0.0,3,sitting
1521056226970,48.0,0.0,0.0,3,sitting
1521056227089,36.0,0.0,0.0,3,sitting
1521056227309,48.0,0.0,0.0,3,sitting
1521056235489,60.0,0.0,0.0,3,sitting
1521056236149,48.0,0.0,0.0,3,sitting
1521056258809,36.0,0.0,0.0,3,sitting
1521056262229,48.0,0.0,0.0,3,sitting
1521056262349,36.0,0.0,0.0,3,sitting
1521056262909,48.0,0.0,0.0,3,sitting
1521056263010,36.0,0.0,0.0,3,sitting
1521056263789,48.0,0.0,0.0,3,sitting
1521056263889,36.0,0.0,0.0,3,sitting
1521056264110,48.0,0.0,0.0,3,sitting
1521056264889,36.0,0.0,0.0,3,sitting
1521056265009,48.0,0.0,0.0,3,sitting
1521056265669,36.0,0.0,0.0,3,sitting
1521056265769,48.0,0.0,0.0,3,sitting
1521056279710,36.0,0.0,0.0,3,sitting
1521056294949,48.0,0.0,0.0,3,sitting
1521056295950,36.0,0.0,0.0,3,sitting
1521056309549,24.0,0.0,0.0,3,sitting
1521056309770,12.0,0.0,0.0,3,sitting
1521056310209,0.0,0.0,0.0,3,sitting
1521056310529,12.0,0.0,0.0,3,sitting
1521056311210,0.0,0.0,0.0,3,sitting
1521056311310,12.0,0.0,0.0,3,sitting
1521056311430,0.0,0.0,0.0,3,sitting
1521056311750,12.0,0.0,0.0,3,sitting
1521056312870,24.0,0.0,0.0,3,sitting
1521056312970,12.0,0.0,0.0,3,sitting
1521056313309,0.0,0.0,0.0,3,sitting
1521056314729,12.0,0.0,0.0,3,sitting
1521056314969,24.0,0.0,0.0,3,sitting
1521056315409,12.0,0.0,0.0,3,sitting
1521056317830,0.0,0.0,0.0,3,sitting
1521056321030,12.0,0.0,0.0,3,sitting
1521056321709,0.0,0.0,0.0,3,sitting
1521056323029,24.0,0.0,0.0,3,sitting
1521056323130,36.0,0.0,0.0,3,sitting
1521056323250,24.0,0.0,0.0,3,sitting
1521056324129,12.0,0.0,0.0,3,sitting
1521056326229,0.0,0.0,0.0,3,sitting
1521056326449,12.0,0.0,0.0,3,sitting
1521056326889,24.0,0.0,0.0,3,sitting
1521056327009,48.0,0.0,0.0,3,sitting
1521056327110,60.0,0.0,0.0,3,sitting
1521056327229,84.0,0.0,0.0,3,sitting
1521056327330,96.0,0.0,0.0,3,sitting
1521056327449,84.0,0.0,0.0,3,sitting
1521056327549,72.0,0.0,0.0,3,sitting
1521056327669,84.0,0.0,0.0,3,sitting
1521056327790,96.0,0.0,0.0,3,sitting
1521056327890,108.0,0.0,0.0,3,sitting
1521056328110,72.0,0.0,0.0,3,sitting
1521056328229,60.0,0.0,0.0,3,sitting
1521056328330,48.0,0.0,0.0,3,sitting
1521056328670,36.0,0.0,0.0,3,sitting
1521056330549,24.0,0.0,0.0,3,sitting
1521056330990,12.0,0.0,0.0,3,sitting
1521056331090,0.0,0.0,0.0,3,sitting
1521056331530,12.0,0.0,0.0,3,sitting
1521056332650,24.0,0.0,0.0,3,sitting
1521056334630,12.0,0.0,0.0,3,sitting
1521056334850,0.0,0.0,0.0,3,sitting
1521056335070,12.0,0.0,0.0,3,sitting
1521056338610,24.0,0.0,0.0,3,sitting
1521056338730,36.0,0.0,0.0,3,sitting
1521056338830,24.0,0.0,0.0,3,sitting
1521056340710,48.0,0.0,0.0,3,sitting
1521056340829,108.0,0.0,0.0,3,sitting
1521056341050,96.0,0.0,0.0,3,sitting
1521056341149,108.0,0.0,0.0,3,sitting
1521056341270,96.0,0.0,0.0,3,sitting
1521056341370,60.0,0.0,0.0,3,sitting
1521056341493,36.0,0.0,0.0,3,sitting
1521056341709,24.0,0.0,0.0,3,sitting
1521056342250,36.0,0.0,0.0,3,sitting
1521056343689,60.0,0.0,0.0,3,sitting
1521056343912,48.0,0.0,0.0,3,sitting
1521056344035,60.0,0.0,0.0,3,sitting
1521056344350,72.0,0.0,0.0,3,sitting
1521056344470,84.0,0.0,0.0,3,sitting
1521056344570,96.0,0.0,0.0,3,sitting
1521056344809,84.0,0.0,0.0,3,sitting
1521056344910,96.0,0.0,0.0,3,sitting
1521056345029,84.0,0.0,0.0,3,sitting
1521056345130,12.0,0.0,0.0,3,sitting
1521056345250,0.0,0.0,0.0,3,sitting
1521056346009,12.0,0.0,0.0,3,sitting
1521056346350,24.0,0.0,0.0,3,sitting
1521056346450,12.0,0.0,0.0,3,sitting
1521056347010,24.0,0.0,0.0,3,sitting
1521056347130,36.0,0.0,0.0,3,sitting
1521056347230,48.0,0.0,0.0,3,sitting
1521056347450,36.0,0.0,0.0,3,sitting
1521056347669,48.0,0.0,0.0,3,sitting
1521056348550,36.0,0.0,0.0,3,sitting
1521056349009,24.0,0.0,0.0,3,sitting
1521056349449,36.0,0.0,0.0,3,sitting
1521056354630,24.0,0.0,0.0,3,sitting
1521056356850,36.0,0.0,0.0,3,sitting
1521056358829,24.0,0.0,0.0,3,sitting
1521056383810,36.0,0.0,0.0,3,sitting
1521056383929,48.0,0.0,0.0,3,sitting
1521056384370,36.0,0.0,0.0,3,sitting
1521056385030,24.0,0.0,0.0,3,sitting
1521056385909,36.0,0.0,0.0,3,sitting
1521056390329,24.0,0.0,0.0,3,sitting
1521056390449,36.0,0.0,0.0,3,sitting
1521056390889,24.0,0.0,0.0,3,sitting
1521056390990,36.0,0.0,0.0,3,sitting
1521056391109,24.0,0.0,0.0,3,sitting
1521056391209,36.0,0.0,0.0,3,sitting
1521056391429,24.0,0.0,0.0,3,sitting
1521056398509,36.0,0.0,0.0,3,sitting
1521056398849,60.0,0.0,0.0,3,sitting
1521056398950,72.0,0.0,0.0,3,sitting
1521056399069,84.0,0.0,0.0,3,sitting
1521056399169,96.0,0.0,0.0,3,sitting
1521056399289,108.0,0.0,0.0,3,sitting
1521056399509,120.0,0.0,0.0,3,sitting
1521056399610,144.0,0.0,0.0,3,sitting
1521056399830,132.0,0.0,0.0,3,sitting
1521056399950,72.0,0.0,0.0,3,sitting
1521056400070,12.0,0.0,0.0,3,sitting
1521056400170,0.0,0.0,0.0,3,sitting
1521056402270,12.0,0.0,0.0,3,sitting
1521056402389,24.0,0.0,0.0,3,sitting
1521056402610,36.0,0.0,0.0,3,sitting
1521056403270,48.0,0.0,0.0,3,sitting
1521056403370,60.0,0.0,0.0,3,sitting
1521056403590,72.0,0.0,0.0,3,sitting
1521056403710,96.0,0.0,0.0,3,sitting
1521056403809,108.0,0.0,0.0,3,sitting
1521056404490,96.0,0.0,0.0,3,sitting
1521056405370,84.0,0.0,0.0,3,sitting
1521056406910,72.0,0.0,0.0,3,sitting
1521056407250,84.0,0.0,0.0,3,sitting
1521056407349,96.0,0.0,0.0,3,sitting
1521056407469,120.0,0.0,0.0,3,sitting
1521056407690,108.0,0.0,0.0,3,sitting
1521056408009,96.0,0.0,0.0,3,sitting
1521056409230,108.0,0.0,0.0,3,sitting
1521056409350,120.0,0.0,0.0,3,sitting
1521056409670,144.0,0.0,0.0,3,sitting
1521056409789,228.0,0.0,0.0,3,sitting
1521056409889,264.0,0.0,0.0,3,sitting
1521056410009,276.0,0.0,0.0,3,sitting
1521056410110,240.0,0.0,0.0,3,sitting
1521056410229,192.0,0.0,0.0,3,sitting
1521056410350,156.0,0.0,0.0,3,sitting
1521056410450,144.0,0.0,0.0,3,sitting
1521056410570,132.0,0.0,0.0,3,sitting
1521056410670,120.0,0.0,0.0,3,sitting
1521056411109,108.0,0.0,0.0,3,sitting
1521056411670,96.0,0.0,0.0,3,sitting
1521056414989,84.0,0.0,0.0,3,sitting
1521056415090,72.0,0.0,0.0,3,sitting
1521056415210,60.0,0.0,0.0,3,sitting
1521056415429,48.0,0.0,0.0,3,sitting
1521056415874,60.0,0.0,0.0,3,sitting
1521056416209,48.0,0.0,0.0,3,sitting
1521056417629,36.0,0.0,0.0,3,sitting
1521056417749,48.0,0.0,0.0,3,sitting
1521056417850,36.0,0.0,0.0,3,sitting
1521056418290,24.0,0.0,0.0,3,sitting
1521056419409,36.0,0.0,0.0,3,sitting
1521056419630,24.0,0.0,0.0,3,sitting
1521056420730,36.0,0.0,0.0,3,sitting
1521056421070,24.0,0.0,0.0,3,sitting
1521056421169,36.0,0.0,0.0,3,sitting
1521056421509,48.0,0.0,0.0,3,sitting
1521056421610,60.0,0.0,0.0,3,sitting
1521056421729,84.0,0.0,0.0,3,sitting
1521056421830,108.0,0.0,0.0,3,sitting
1521056421950,84.0,0.0,0.0,3,sitting
1521056422049,60.0,0.0,0.0,3,sitting
1521056422170,36.0,0.0,0.0,3,sitting
1521056423390,48.0,0.0,0.0,3,sitting
1521056423710,36.0,0.0,0.0,3,sitting
1521056424050,48.0,0.0,0.0,3,sitting
1521056424589,36.0,0.0,0.0,3,sitting
1521056424929,48.0,0.0,0.0,3,sitting
1521056425369,60.0,0.0,0.0,3,sitting
1521056425490,48.0,0.0,0.0,3,sitting
1521056427149,36.0,0.0,0.0,3,sitting
1521056427470,60.0,0.0,0.0,3,sitting
1521056427589,108.0,0.0,0.0,3,sitting
1521056427689,180.0,0.0,0.0,3,sitting
1521056427809,120.0,0.0,0.0,3,sitting
1521056427910,108.0,0.0,0.0,3,sitting
1521056428030,120.0,0.0,0.0,3,sitting
1521056428809,108.0,0.0,0.0,3,sitting
1521056429909,96.0,0.0,0.0,3,sitting
1521056430129,108.0,0.0,0.0,3,sitting
1521056430349,84.0,0.0,0.0,3,sitting
1521056430450,72.0,0.0,0.0,3,sitting
1521056430670,60.0,0.0,0.0,3,sitting
1521056430790,72.0,0.0,0.0,3,sitting
1521056431009,84.0,0.0,0.0,3,sitting
1521056436750,108.0,0.0,0.0,3,sitting
1521056436870,492.0,0.0,0.0,3,sitting
1521056436995,912.0,0.0,0.0,3,sitting
1521056437090,276.0,0.0,0.0,3,sitting
1521056437209,204.0,0.0,0.0,3,sitting
1521056437310,168.0,0.0,0.0,3,sitting
1521056437429,144.0,0.0,0.0,3,sitting
1521056437530,108.0,0.0,0.0,3,sitting
1521056437650,96.0,0.0,0.0,3,sitting
1521056437870,84.0,0.0,0.0,3,sitting
1521056440969,72.0,0.0,0.0,3,sitting
1521056441070,156.0,0.0,0.0,3,sitting
1521056441189,312.0,0.0,0.0,3,sitting
1521056441289,168.0,0.0,0.0,3,sitting
1521056441414,96.0,0.0,0.0,3,sitting
1521056443730,108.0,0.0,0.0,3,sitting
1521056444390,120.0,0.0,0.0,3,sitting
1521056444490,132.0,0.0,0.0,3,sitting
1521056444610,156.0,0.0,0.0,3,sitting
1521056444730,432.0,0.0,0.0,3,sitting
1521056444830,180.0,0.0,0.0,3,sitting
1521056444950,132.0,0.0,0.0,3,sitting
1521056445049,120.0,0.0,0.0,3,sitting
1521056445609,108.0,0.0,0.0,3,sitting
1521056445829,120.0,0.0,0.0,3,sitting
1521056446049,132.0,0.0,0.0,3,sitting
1521056446149,120.0,0.0,0.0,3,sitting
1521056446369,108.0,0.0,0.0,3,sitting
1521056446489,96.0,0.0,0.0,3,sitting
1521056446929,84.0,0.0,0.0,3,sitting
1521056447269,96.0,0.0,0.0,3,sitting
1521056447709,84.0,0.0,0.0,3,sitting
1521056448469,72.0,0.0,0.0,3,sitting
1521056448809,60.0,0.0,0.0,3,sitting
1521056449149,72.0,0.0,0.0,3,sitting
1521056451469,60.0,0.0,0.0,3,sitting
1521056452790,72.0,0.0,0.0,3,sitting
1521056453670,60.0,0.0,0.0,3,sitting
1521056453789,36.0,0.0,0.0,3,sitting
1521056454110,24.0,0.0,0.0,3,sitting
1521056454329,12.0,0.0,0.0,3,sitting
1521056455550,0.0,0.0,0.0,3,sitting
1521056457549,0.0,0.0,0.0,3,sitting
1521056458750,0.0,0.0,0.0,3,sitting
1521056460409,0.0,0.0,0.0,3,sitting
1521056460530,0.0,0.0,0.0,3,sitting
1521056462190,24.0,0.0,0.0,3,sitting
1521056462290,108.0,0.0,0.0,3,sitting
1521056462410,180.0,0.0,0.0,3,sitting
1521056462510,432.0,0.0,0.0,3,sitting
1521056462630,252.0,0.0,0.0,3,sitting
1521056462729,132.0,0.0,0.0,3,sitting
1521056462850,120.0,0.0,0.0,3,sitting
1521056462953,108.0,0.0,0.0,3,sitting
1521056463390,96.0,0.0,0.0,3,sitting
1521056465730,84.0,0.0,0.0,3,sitting
1521056465830,60.0,0.0,0.0,3,sitting
1521056465950,48.0,0.0,0.0,3,sitting
1521056466275,36.0,0.0,0.0,3,sitting
1521056466490,96.0,0.0,0.0,3,sitting
1521056466609,132.0,0.0,0.0,3,sitting
1521056466709,144.0,0.0,0.0,3,sitting
1521056466830,132.0,0.0,0.0,3,sitting
1521056467149,192.0,0.0,0.0,3,sitting
1521056467270,312.0,0.0,0.0,3,sitting
1521056467369,492.0,0.0,0.0,3,sitting
1521056467490,516.0,0.0,0.0,3,sitting
1521056467609,504.0,0.0,0.0,3,sitting
1521056467710,480.0,0.0,0.0,3,sitting
1521056467929,456.0,0.0,0.0,3,sitting
1521056468050,468.0,0.0,0.0,3,sitting
1521056468149,492.0,0.0,0.0,3,sitting
1521056468270,504.0,0.0,0.0,3,sitting
1521056468369,408.0,0.0,0.0,3,sitting
1521056468490,216.0,0.0,0.0,3,sitting
1521056468589,156.0,0.0,0.0,3,sitting
1521056468709,144.0,0.0,0.0,3,sitting
1521056468809,120.0,0.0,0.0,3,sitting
1521056468930,84.0,0.0,0.0,3,sitting
1521056469029,60.0,0.0,0.0,3,sitting
1521056469149,36.0,0.0,0.0,3,sitting
1521056469249,24.0,0.0,0.0,3,sitting
1521056469590,36.0,0.0,0.0,3,sitting
1521056469809,48.0,0.0,0.0,3,sitting
1521056469929,108.0,0.0,0.0,3,sitting
1521056470029,120.0,0.0,0.0,3,sitting
1521056470370,108.0,0.0,0.0,3,sitting
1521056471029,120.0,0.0,0.0,3,sitting
1521056472910,132.0,0.0,0.0,3,sitting
1521056473909,144.0,0.0,0.0,3,sitting
1521056474009,132.0,0.0,0.0,3,sitting
1521056474130,144.0,0.0,0.0,3,sitting
1521056476890,132.0,0.0,0.0,3,sitting
1521056477110,144.0,0.0,0.0,3,sitting
1521056477669,132.0,0.0,0.0,3,sitting
1521056478330,96.0,0.0,0.0,3,sitting
1521056478430,48.0,0.0,0.0,3,sitting
1521056478770,36.0,0.0,0.0,3,sitting
1521056478890,24.0,0.0,0.0,3,sitting
1521056479430,12.0,0.0,0.0,3,sitting
1521056488710,36.0,0.0,0.0,3,sitting
1521056489050,24.0,0.0,0.0,3,sitting
1521056489270,36.0,0.0,0.0,3,sitting
1521056490269,72.0,0.0,0.0,3,sitting
1521056490370,192.0,0.0,0.0,3,sitting
1521056490490,168.0,0.0,0.0,3,sitting
1521056490589,156.0,0.0,0.0,3,sitting
1521056490809,168.0,0.0,0.0,3,sitting
1521056490930,336.0,0.0,0.0,3,sitting
1521056491029,420.0,0.0,0.0,3,sitting
1521056491150,432.0,0.0,0.0,3,sitting
1521056491250,444.0,0.0,0.0,3,sitting
1521056491369,432.0,0.0,0.0,3,sitting
1521056491814,420.0,0.0,0.0,3,sitting
1521056492369,432.0,0.0,0.0,3,sitting
1521056493470,444.0,0.0,0.0,3,sitting
1521056494570,456.0,0.0,0.0,3,sitting
1521056494690,444.0,0.0,0.0,3,sitting
1521056497450,456.0,0.0,0.0,3,sitting
1521056498890,468.0,0.0,0.0,3,sitting
1521056499890,444.0,0.0,0.0,3,sitting
1521056500110,432.0,0.0,0.0,3,sitting
1521056500330,444.0,0.0,0.0,3,sitting
1521056500429,456.0,0.0,0.0,3,sitting
1521056500549,468.0,0.0,0.0,3,sitting
1521056501209,480.0,0.0,0.0,3,sitting
1521056501870,456.0,0.0,0.0,3,sitting
1521056501989,264.0,0.0,0.0,3,sitting
1521056502090,144.0,0.0,0.0,3,sitting
1521056502210,132.0,0.0,0.0,3,sitting
1521056502309,72.0,0.0,0.0,3,sitting
1521056502429,84.0,0.0,0.0,3,sitting
1521056502529,72.0,0.0,0.0,3,sitting
1521056502650,60.0,0.0,0.0,3,sitting
1521056502989,48.0,0.0,0.0,3,sitting
1521056503090,36.0,0.0,0.0,3,sitting
1521056503213,24.0,0.0,0.0,3,sitting
1521056503530,12.0,0.0,0.0,3,sitting
1521056503870,24.0,0.0,0.0,3,sitting
1521056505090,36.0,0.0,0.0,3,sitting
1521056505190,24.0,0.0,0.0,3,sitting
1521056505310,0.0,0.0,0.0,3,sitting
1521056505409,0.0,0.0,0.0,3,sitting
1521056505630,0.0,0.0,0.0,3,sitting
1521056511709,12.0,0.0,0.0,3,sitting
1521056511830,24.0,0.0,0.0,3,sitting
1521056511930,48.0,0.0,0.0,3,sitting
1521056512050,120.0,0.0,0.0,3,sitting
1521056512160,168.0,0.0,0.0,3,sitting
1521056512269,264.0,0.0,0.0,3,sitting
1521056512369,180.0,0.0,0.0,3,sitting
1521056512490,144.0,0.0,0.0,3,sitting
1521056512590,96.0,0.0,0.0,3,sitting
1521056512710,48.0,0.0,0.0,3,sitting
1521056512829,144.0,0.0,0.0,3,sitting
1521056512929,528.0,0.0,0.0,3,sitting
1521056513049,624.0,0.0,0.0,3,sitting
1521056513150,684.0,0.0,0.0,3,sitting
1521056513270,540.0,0.0,0.0,3,sitting
1521056513369,384.0,0.0,0.0,3,sitting
1521056513490,420.0,0.0,0.0,3,sitting
1521056513590,396.0,0.0,0.0,3,sitting
1521056513710,312.0,0.0,0.0,3,sitting
1521056513810,240.0,0.0,0.0,3,sitting
1521056513931,144.0,0.0,0.0,3,sitting
1521056514035,84.0,0.0,0.0,3,sitting
1521056514250,168.0,0.0,0.0,3,sitting
1521056514369,576.0,0.0,0.0,3,sitting
1521056514470,744.0,0.0,0.0,3,sitting
1521056514589,708.0,0.0,0.0,3,sitting
1521056514690,684.0,0.0,0.0,3,sitting
1521056514810,672.0,0.0,0.0,3,sitting
1521056514932,660.0,0.0,0.0,3,sitting
1521056515029,468.0,0.0,0.0,3,sitting
1521056515149,180.0,0.0,0.0,3,sitting
1521056515249,132.0,0.0,0.0,3,sitting
1521056515369,144.0,0.0,0.0,3,sitting
1521056515689,132.0,0.0,0.0,3,sitting
1521056515809,120.0,0.0,0.0,3,sitting
1521056515909,96.0,0.0,0.0,3,sitting
1521056516469,108.0,0.0,0.0,3,sitting
1521056516570,144.0,0.0,0.0,3,sitting
1521056516689,384.0,0.0,0.0,3,sitting
1521056516810,180.0,0.0,0.0,3,sitting
1521056516909,132.0,0.0,0.0,3,sitting
1521056517029,120.0,0.0,0.0,3,sitting
1521056517249,132.0,0.0,0.0,3,sitting
1521056517349,156.0,0.0,0.0,3,sitting
1521056517469,372.0,0.0,0.0,3,sitting
1521056517569,552.0,0.0,0.0,3,sitting
1521056517689,432.0,0.0,0.0,3,sitting
1521056517789,240.0,0.0,0.0,3,sitting
1521056517909,156.0,0.0,0.0,3,sitting
1521056518009,144.0,0.0,0.0,3,sitting
1521056518129,120.0,0.0,0.0,3,sitting
1521056518230,36.0,0.0,0.0,3,sitting
1521056518450,48.0,0.0,0.0,3,sitting
1521056518789,36.0,0.0,0.0,3,sitting
1521056518910,24.0,0.0,0.0,3,sitting
1521056519010,12.0,0.0,0.0,3,sitting
1521056519350,48.0,0.0,0.0,3,sitting
1521056519450,60.0,0.0,0.0,3,sitting
1521056519570,36.0,0.0,0.0,3,sitting
1521056519669,48.0,0.0,0.0,3,sitting
1521056519789,84.0,0.0,0.0,3,sitting
1521056519890,72.0,0.0,0.0,3,sitting
1521056520009,60.0,0.0,0.0,3,sitting
1521056520230,72.0,0.0,0.0,3,sitting
1521056520329,84.0,0.0,0.0,3,sitting
1521056520569,72.0,0.0,0.0,3,sitting
1521056520889,84.0,0.0,0.0,3,sitting
1521056520993,96.0,0.0,0.0,3,sitting
1521056521109,108.0,0.0,0.0,3,sitting
1521056521329,132.0,0.0,0.0,3,sitting
1521056521449,144.0,0.0,0.0,3,sitting
1521056521549,276.0,0.0,0.0,3,sitting
1521056521670,504.0,0.0,0.0,3,sitting
1521056521769,468.0,0.0,0.0,3,sitting
1521056521889,168.0,0.0,0.0,3,sitting
1521056521990,132.0,0.0,0.0,3,sitting
1521056522109,120.0,0.0,0.0,3,sitting
1521056522210,108.0,0.0,0.0,3,sitting
1521056522330,120.0,0.0,0.0,3,sitting
1521056522669,132.0,0.0,0.0,3,sitting
1521056523110,108.0,0.0,0.0,3,sitting
1521056523209,84.0,0.0,0.0,3,sitting
1521056523330,96.0,0.0,0.0,3,sitting
1521056523429,108.0,0.0,0.0,3,sitting
1521056523550,120.0,0.0,0.0,3,sitting
1521056523649,132.0,0.0,0.0,3,sitting
1521056523989,120.0,0.0,0.0,3,sitting
1521056524090,144.0,0.0,0.0,3,sitting
1521056524210,216.0,0.0,0.0,3,sitting
1521056524310,276.0,0.0,0.0,3,sitting
1521056524429,264.0,0.0,0.0,3,sitting
1521056524549,252.0,0.0,0.0,3,sitting
1521056524650,228.0,0.0,0.0,3,sitting
1521056524769,216.0,0.0,0.0,3,sitting
1521056524989,204.0,0.0,0.0,3,sitting
1521056525090,216.0,0.0,0.0,3,sitting
1521056525212,228.0,0.0,0.0,3,sitting
1521056525309,252.0,0.0,0.0,3,sitting
1521056525429,264.0,0.0,0.0,3,sitting
1521056525650,252.0,0.0,0.0,3,sitting
1521056525749,156.0,0.0,0.0,3,sitting
1521056525869,84.0,0.0,0.0,3,sitting
1521056525970,60.0,0.0,0.0,3,sitting
1521056526090,72.0,0.0,0.0,3,sitting
1521056526209,48.0,0.0,0.0,3,sitting
1521056526430,60.0,0.0,0.0,3,sitting
1521056526750,48.0,0.0,0.0,3,sitting
1521056527190,36.0,0.0,0.0,3,sitting
1521056527529,12.0,0.0,0.0,3,sitting
1521056527632,0.0,0.0,0.0,3,sitting
1521056527849,0.0,0.0,0.0,3,sitting
1521056528310,24.0,0.0,0.0,3,sitting
1521056528529,0.0,0.0,0.0,3,sitting
1521056528849,12.0,0.0,0.0,3,sitting
1521056529069,0.0,0.0,0.0,3,sitting
1521056529290,24.0,0.0,0.0,3,sitting
1521056529409,0.0,0.0,0.0,3,sitting
1521056529510,0.0,0.0,0.0,3,sitting
1521056529629,0.0,0.0,0.0,3,sitting
1521056530510,0.0,0.0,0.0,3,sitting
1521056531390,0.0,0.0,0.0,3,sitting
1521056535049,0.0,0.0,0.0,3,sitting
1521056535150,0.0,0.0,0.0,3,sitting
1521056535271,12.0,0.0,0.0,3,sitting
1521056535589,0.0,0.0,0.0,3,sitting
1521056535710,12.0,0.0,0.0,3,sitting
1521056536030,0.0,0.0,0.0,3,sitting
1521056536490,0.0,0.0,0.0,3,sitting
1521056545429,0.0,0.0,0.0,3,sitting
1521056545550,12.0,0.0,0.0,3,sitting
1521056546089,24.0,0.0,0.0,3,sitting
1521056546309,48.0,0.0,0.0,3,sitting
1521056546431,72.0,0.0,0.0,3,sitting
1521056546550,84.0,0.0,0.0,3,sitting
1521056546649,72.0,0.0,0.0,3,sitting
1521056546869,60.0,0.0,0.0,3,sitting
1521056546989,48.0,0.0,0.0,3,sitting
1521056547090,36.0,0.0,0.0,3,sitting
1521056547869,24.0,0.0,0.0,3,sitting
1521056548969,12.0,0.0,0.0,3,sitting
1521056549630,0.0,0.0,0.0,3,sitting
1521056549750,0.0,0.0,0.0,3,sitting
1521056550750,0.0,0.0,0.0,3,sitting
1521056550850,12.0,0.0,0.0,3,sitting
1521056550970,24.0,0.0,0.0,3,sitting
1521056551070,12.0,0.0,0.0,3,sitting
1521056551189,24.0,0.0,0.0,3,sitting
1521056551290,60.0,0.0,0.0,3,sitting
1521056551409,72.0,0.0,0.0,3,sitting
1521056551509,96.0,0.0,0.0,3,sitting
1521056551850,132.0,0.0,0.0,3,sitting
1521056551949,120.0,0.0,0.0,3,sitting
1521056552070,96.0,0.0,0.0,3,sitting
1521056552170,84.0,0.0,0.0,3,sitting
1521056552289,72.0,0.0,0.0,3,sitting
1521056552390,60.0,0.0,0.0,3,sitting
1521056552629,48.0,0.0,0.0,3,sitting
1521056552849,36.0,0.0,0.0,3,sitting
1521056554169,24.0,0.0,0.0,3,sitting
1521056558029,12.0,0.0,0.0,3,sitting
1521056558149,24.0,0.0,0.0,3,sitting
1521056558249,12.0,0.0,0.0,3,sitting
1521056558471,24.0,0.0,0.0,3,sitting
1521056558810,12.0,0.0,0.0,3,sitting
1521056579930,0.0,0.0,0.0,3,sitting
1521056580469,12.0,0.0,0.0,3,sitting
1521056580689,0.0,0.0,0.0,3,sitting
1521056581129,12.0,0.0,0.0,3,sitting
1521056582030,0.0,0.0,0.0,3,sitting
1521056593509,12.0,0.0,0.0,3,sitting
1521056594510,24.0,0.0,0.0,3,sitting
1521056595509,12.0,0.0,0.0,3,sitting
1521056599269,0.0,0.0,0.0,3,sitting
1521056602149,12.0,0.0,0.0,3,sitting
1521056607449,0.0,0.0,0.0,3,sitting
1521056607549,0.0,0.0,0.0,3,sitting
1521056607670,0.0,0.0,0.0,3,sitting
1521056608889,0.0,0.0,0.0,3,sitting
1521056609549,0.0,0.0,0.0,3,sitting
1521056612430,0.0,0.0,0.0,3,sitting
1521056612530,36.0,0.0,0.0,3,sitting
1521056612650,144.0,0.0,0.0,3,sitting
1521056612749,192.0,0.0,0.0,3,sitting
1521056612869,420.0,0.0,0.0,3,sitting
1521056612969,480.0,0.0,0.0,3,sitting
1521056613089,492.0,0.0,0.0,3,sitting
1521056613189,504.0,0.0,0.0,3,sitting
1521056613410,516.0,0.0,0.0,3,sitting
1521056613530,504.0,0.0,0.0,3,sitting
1521056613630,456.0,0.0,0.0,3,sitting
1521056613750,288.0,0.0,0.0,3,sitting
1521056613850,180.0,0.0,0.0,3,sitting
1521056613969,144.0,0.0,0.0,3,sitting
1521056614089,132.0,0.0,0.0,3,sitting
1521056614309,120.0,0.0,0.0,3,sitting
1521056614409,108.0,0.0,0.0,3,sitting
1521056614750,84.0,0.0,0.0,3,sitting
1521056614849,48.0,0.0,0.0,3,sitting
1521056614969,36.0,0.0,0.0,3,sitting
1521056615189,48.0,0.0,0.0,3,sitting
1521056615850,36.0,0.0,0.0,3,sitting
1521056615969,84.0,0.0,0.0,3,sitting
1521056616069,144.0,0.0,0.0,3,sitting
1521056616190,264.0,0.0,0.0,3,sitting
1521056616290,180.0,0.0,0.0,3,sitting
1521056616410,144.0,0.0,0.0,3,sitting
1521056616510,132.0,0.0,0.0,3,sitting
1521056616630,144.0,0.0,0.0,3,sitting
1521056617070,156.0,0.0,0.0,3,sitting
1521056617169,144.0,0.0,0.0,3,sitting
1521056617389,156.0,0.0,0.0,3,sitting
1521056617609,132.0,0.0,0.0,3,sitting
1521056617729,60.0,0.0,0.0,3,sitting
1521056617849,0.0,0.0,0.0,3,sitting
1521056618169,0.0,0.0,0.0,3,sitting
1521056618290,84.0,0.0,0.0,3,sitting
1521056618390,168.0,0.0,0.0,3,sitting
1521056618509,216.0,0.0,0.0,3,sitting
1521056618609,276.0,0.0,0.0,3,sitting
1521056618730,528.0,0.0,0.0,3,sitting
1521056618829,360.0,0.0,0.0,3,sitting
1521056618949,168.0,0.0,0.0,3,sitting
1521056619049,180.0,0.0,0.0,3,sitting
1521056619269,156.0,0.0,0.0,3,sitting
1521056619389,132.0,0.0,0.0,3,sitting
1521056619490,96.0,0.0,0.0,3,sitting
1521056619610,48.0,0.0,0.0,3,sitting
1521056619730,12.0,0.0,0.0,3,sitting
1521056619829,24.0,0.0,0.0,3,sitting
1521056619949,36.0,0.0,0.0,3,sitting
1521056620049,48.0,0.0,0.0,3,sitting
1521056620173,60.0,0.0,0.0,3,sitting
1521056620269,84.0,0.0,0.0,3,sitting
1521056620390,96.0,0.0,0.0,3,sitting
1521056620830,72.0,0.0,0.0,3,sitting
1521056620930,60.0,0.0,0.0,3,sitting
1521056621050,48.0,0.0,0.0,3,sitting
1521056621370,36.0,0.0,0.0,3,sitting
1521056621489,24.0,0.0,0.0,3,sitting
1521056621590,12.0,0.0,0.0,3,sitting
1521056621709,0.0,0.0,0.0,3,sitting
1521056621929,0.0,0.0,0.0,3,sitting
1521056622709,0.0,0.0,0.0,3,sitting
1521056622929,12.0,0.0,0.0,3,sitting
1521056623030,0.0,0.0,0.0,3,sitting
1521056623150,0.0,0.0,0.0,3,sitting
1521056624369,0.0,0.0,0.0,3,sitting
1521056624469,60.0,0.0,0.0,3,sitting
1521056624589,156.0,0.0,0.0,3,sitting
1521056624689,180.0,0.0,0.0,3,sitting
1521056624910,288.0,0.0,0.0,3,sitting
1521056625030,708.0,0.0,0.0,3,sitting
1521056625250,696.0,0.0,0.0,3,sitting
1521056625469,684.0,0.0,0.0,3,sitting
1521056625570,660.0,0.0,0.0,3,sitting
1521056625689,600.0,0.0,0.0,3,sitting
1521056625790,588.0,0.0,0.0,3,sitting
1521056625909,612.0,0.0,0.0,3,sitting
1521056626130,636.0,0.0,0.0,3,sitting
1521056626349,624.0,0.0,0.0,3,sitting
1521056626470,612.0,0.0,0.0,3,sitting
1521056626569,600.0,0.0,0.0,3,sitting
1521056627449,588.0,0.0,0.0,3,sitting
1521056627570,600.0,0.0,0.0,3,sitting
1521056628889,612.0,0.0,0.0,3,sitting
1521056629549,624.0,0.0,0.0,3,sitting
1521056629669,612.0,0.0,0.0,3,sitting
1521056629769,624.0,0.0,0.0,3,sitting
1521056630209,636.0,0.0,0.0,3,sitting
1521056630770,624.0,0.0,0.0,3,sitting
1521056631430,612.0,0.0,0.0,3,sitting
1521056631649,600.0,0.0,0.0,3,sitting
1521056631870,588.0,0.0,0.0,3,sitting
1521056631990,600.0,0.0,0.0,3,sitting
1521056632313,588.0,0.0,0.0,3,sitting
1521056633089,600.0,0.0,0.0,3,sitting
1521056633430,588.0,0.0,0.0,3,sitting
1521056633650,576.0,0.0,0.0,3,sitting
1521056633750,588.0,0.0,0.0,3,sitting
1521056634309,576.0,0.0,0.0,3,sitting
1521056634630,588.0,0.0,0.0,3,sitting
1521056634969,600.0,0.0,0.0,3,sitting
1521056635190,552.0,0.0,0.0,3,sitting
1521056635289,216.0,0.0,0.0,3,sitting
1521056635409,96.0,0.0,0.0,3,sitting
1521056635529,36.0,0.0,0.0,3,sitting
1521056635630,0.0,0.0,0.0,3,sitting
1521056635850,12.0,0.0,0.0,3,sitting
1521056636630,0.0,0.0,0.0,3,sitting
1521056636729,24.0,0.0,0.0,3,sitting
1521056639270,36.0,0.0,0.0,3,sitting
1521056647670,48.0,0.0,0.0,3,sitting
1521056647789,36.0,0.0,0.0,3,sitting
1521056648010,48.0,0.0,0.0,3,sitting
1521056650009,36.0,0.0,0.0,3,sitting
1521056656409,48.0,0.0,0.0,3,sitting
1521056656749,36.0,0.0,0.0,3,sitting
1521056657190,48.0,0.0,0.0,3,sitting
1521056657409,96.0,0.0,0.0,3,sitting
1521056657509,132.0,0.0,0.0,3,sitting
1521056657630,168.0,0.0,0.0,3,sitting
1521056657730,192.0,0.0,0.0,3,sitting
1521056657850,204.0,0.0,0.0,3,sitting
1521056657949,168.0,0.0,0.0,3,sitting
1521056658070,156.0,0.0,0.0,3,sitting
1521056658290,180.0,0.0,0.0,3,sitting
1521056658410,120.0,0.0,0.0,3,sitting
1521056658513,0.0,0.0,0.0,3,sitting
1521056658630,0.0,0.0,0.0,3,sitting
1521056658850,12.0,0.0,0.0,3,sitting
1521056658950,0.0,0.0,0.0,3,sitting
1521056659069,0.0,0.0,0.0,3,sitting
1521056659169,0.0,0.0,0.0,3,sitting
1521056659830,0.0,0.0,0.0,3,sitting
1521056660169,0.0,0.0,0.0,3,sitting
1521056660289,12.0,0.0,0.0,3,sitting
1521056660390,36.0,0.0,0.0,3,sitting
1521056660829,24.0,0.0,0.0,3,sitting
1521056661050,0.0,0.0,0.0,3,sitting
1521056661829,24.0,0.0,0.0,3,sitting
1521056661929,36.0,0.0,0.0,3,sitting
1521056662050,0.0,0.0,0.0,3,sitting
1521056662269,48.0,0.0,0.0,3,sitting
1521056662390,72.0,0.0,0.0,3,sitting
1521056662489,60.0,0.0,0.0,3,sitting
1521056662709,84.0,0.0,0.0,3,sitting
1521056662830,108.0,0.0,0.0,3,sitting
1521056662930,132.0,0.0,0.0,3,sitting
1521056663050,144.0,0.0,0.0,3,sitting
1521056663151,156.0,0.0,0.0,3,sitting
1521056663369,168.0,0.0,0.0,3,sitting
1521056663590,348.0,0.0,0.0,3,sitting
1521056663721,612.0,0.0,0.0,3,sitting
1521056663809,576.0,0.0,0.0,3,sitting
1521056663929,552.0,0.0,0.0,3,sitting
1521056664029,576.0,0.0,0.0,3,sitting
1521056664150,600.0,0.0,0.0,3,sitting
1521056664269,588.0,0.0,0.0,3,sitting
1521056664369,600.0,0.0,0.0,3,sitting
1521056664810,612.0,0.0,0.0,3,sitting
1521056665150,600.0,0.0,0.0,3,sitting
1521056665250,612.0,0.0,0.0,3,sitting
1521056667691,600.0,0.0,0.0,3,sitting
1521056667910,612.0,0.0,0.0,3,sitting
1521056668129,600.0,0.0,0.0,3,sitting
1521056668230,612.0,0.0,0.0,3,sitting
1521056668570,600.0,0.0,0.0,3,sitting
1521056668789,612.0,0.0,0.0,3,sitting
1521056669129,240.0,0.0,0.0,3,sitting
1521056669229,60.0,0.0,0.0,3,sitting
1521056669349,36.0,0.0,0.0,3,sitting
1521056669450,0.0,0.0,0.0,3,sitting
1521056670770,12.0,0.0,0.0,3,sitting
1521056671549,0.0,0.0,0.0,3,sitting
1521056725270,12.0,0.0,0.0,3,sitting
1521056725490,24.0,0.0,0.0,3,sitting
1521056728250,36.0,0.0,0.0,3,sitting
1521056728590,48.0,0.0,0.0,3,sitting
1521056729130,60.0,0.0,0.0,3,sitting
1521056730910,72.0,0.0,0.0,3,sitting
1521056732349,84.0,0.0,0.0,3,sitting
1521056732890,96.0,0.0,0.0,3,sitting
1521056734769,84.0,0.0,0.0,3,sitting
1521056735549,96.0,0.0,0.0,3,sitting
1521056748049,108.0,0.0,0.0,3,sitting
1521056748810,96.0,0.0,0.0,3,sitting
1521056748930,108.0,0.0,0.0,3,sitting
1521056749030,96.0,0.0,0.0,3,sitting
1521056750470,108.0,0.0,0.0,3,sitting
1521056750809,96.0,0.0,0.0,3,sitting
1521056750914,108.0,0.0,0.0,3,sitting
1521056751129,96.0,0.0,0.0,3,sitting
1521056751589,108.0,0.0,0.0,3,sitting
1521056751689,96.0,0.0,0.0,3,sitting
1521056783649,84.0,0.0,0.0,3,sitting
1521056783750,96.0,0.0,0.0,3,sitting
1521056783869,84.0,0.0,0.0,3,sitting
1521056784309,96.0,0.0,0.0,3,sitting
1521056788610,84.0,0.0,0.0,3,sitting
1521056791709,96.0,0.0,0.0,3,sitting
1521056791929,84.0,0.0,0.0,3,sitting
1521056792929,96.0,0.0,0.0,3,sitting
1521056794909,84.0,0.0,0.0,3,sitting
1521056795029,96.0,0.0,0.0,3,sitting
1521056795130,84.0,0.0,0.0,3,sitting
1521056795249,96.0,0.0,0.0,3,sitting
1521056795370,84.0,0.0,0.0,3,sitting
1521056795470,96.0,0.0,0.0,3,sitting
1521056795590,84.0,0.0,0.0,3,sitting
1521056795809,96.0,0.0,0.0,3,sitting
1521056796129,84.0,0.0,0.0,3,sitting
1521056796250,96.0,0.0,0.0,3,sitting
1521056796569,84.0,0.0,0.0,3,sitting
1521056796690,96.0,0.0,0.0,3,sitting
1521056796910,84.0,0.0,0.0,3,sitting
1521056797130,96.0,0.0,0.0,3,sitting
1521056797249,84.0,0.0,0.0,3,sitting
1521056801669,96.0,0.0,0.0,3,sitting
1521056803550,84.0,0.0,0.0,3,sitting
1521056803770,96.0,0.0,0.0,3,sitting
1521056804870,84.0,0.0,0.0,3,sitting
1521056805089,96.0,0.0,0.0,3,sitting
1521056805310,84.0,0.0,0.0,3,sitting
1521056805430,96.0,0.0,0.0,3,sitting
1521056805749,84.0,0.0,0.0,3,sitting
1521056805970,96.0,0.0,0.0,3,sitting
1521056811049,84.0,0.0,0.0,3,sitting
1521056811496,96.0,0.0,0.0,3,sitting
1521056812170,108.0,0.0,0.0,3,sitting
1521056812489,120.0,0.0,0.0,3,sitting
1521056813390,132.0,0.0,0.0,3,sitting
1521056813710,144.0,0.0,0.0,3,sitting
1521056814050,132.0,0.0,0.0,3,sitting
1521056814709,120.0,0.0,0.0,3,sitting
1521056825210,96.0,0.0,0.0,3,sitting
1521056825329,48.0,0.0,0.0,3,sitting
1521056825769,36.0,0.0,0.0,3,sitting
1521056825989,48.0,0.0,0.0,3,sitting
1521056834490,96.0,0.0,0.0,3,sitting
1521056834609,108.0,0.0,0.0,3,sitting
1521056834949,120.0,0.0,0.0,3,sitting
1521056837050,132.0,0.0,0.0,3,sitting
1521056837812,144.0,0.0,0.0,3,sitting
1521056838369,156.0,0.0,0.0,3,sitting
1521056838469,168.0,0.0,0.0,3,sitting
1521056838689,156.0,0.0,0.0,3,sitting
1521056838810,144.0,0.0,0.0,3,sitting
1521056839029,132.0,0.0,0.0,3,sitting
1521056839810,120.0,0.0,0.0,3,sitting
1521056839910,132.0,0.0,0.0,3,sitting
1521056840810,120.0,0.0,0.0,3,sitting
1521056840910,132.0,0.0,0.0,3,sitting
1521056841030,120.0,0.0,0.0,3,sitting
1521056842349,132.0,0.0,0.0,3,sitting
1521056842569,120.0,0.0,0.0,3,sitting
1521056843230,132.0,0.0,0.0,3,sitting
1521056843570,144.0,0.0,0.0,3,sitting
1521056843669,132.0,0.0,0.0,3,sitting
1521056845110,144.0,0.0,0.0,3,sitting
1521056845330,156.0,0.0,0.0,3,sitting
1521056845450,168.0,0.0,0.0,3,sitting
1521056845670,156.0,0.0,0.0,3,sitting
1521056846209,168.0,0.0,0.0,3,sitting
1521056846330,156.0,0.0,0.0,3,sitting
1521056846430,144.0,0.0,0.0,3,sitting
1521056846549,132.0,0.0,0.0,3,sitting
1521056846670,120.0,0.0,0.0,3,sitting
1521056847550,132.0,0.0,0.0,3,sitting
1521056847770,120.0,0.0,0.0,3,sitting
1521056848090,132.0,0.0,0.0,3,sitting
1521056849750,120.0,0.0,0.0,3,sitting
1521056853510,132.0,0.0,0.0,3,sitting
1521056853629,108.0,0.0,0.0,3,sitting
1521056853729,48.0,0.0,0.0,3,sitting
1521056853949,36.0,0.0,0.0,3,sitting
1521056854069,24.0,0.0,0.0,3,sitting
1521056854290,12.0,0.0,0.0,3,sitting
1521056860150,24.0,0.0,0.0,3,sitting
1521056860590,36.0,0.0,0.0,3,sitting
1521056860809,48.0,0.0,0.0,3,sitting
1521056861469,36.0,0.0,0.0,3,sitting
1521056861590,60.0,0.0,0.0,3,sitting
1521056861689,108.0,0.0,0.0,3,sitting
1521056861810,120.0,0.0,0.0,3,sitting
1521056872530,108.0,0.0,0.0,3,sitting
1521056872649,120.0,0.0,0.0,3,sitting
1521056886349,108.0,0.0,0.0,3,sitting
1521056886469,96.0,0.0,0.0,3,sitting
1521056886569,84.0,0.0,0.0,3,sitting
1521056886790,72.0,0.0,0.0,3,sitting
1521056893209,84.0,0.0,0.0,3,sitting
1521056893429,108.0,0.0,0.0,3,sitting
1521056893650,120.0,0.0,0.0,3,sitting
1521056893750,108.0,0.0,0.0,3,sitting
1521056894189,120.0,0.0,0.0,3,sitting
1521056904929,132.0,0.0,0.0,3,sitting
1521056905249,120.0,0.0,0.0,3,sitting
1521056905589,108.0,0.0,0.0,3,sitting
1521056905809,120.0,0.0,0.0,3,sitting
1521056906029,132.0,0.0,0.0,3,sitting
1521056906370,144.0,0.0,0.0,3,sitting
1521056906589,132.0,0.0,0.0,3,sitting
1521056906810,156.0,0.0,0.0,3,sitting
1521056906910,252.0,0.0,0.0,3,sitting
1521056907250,264.0,0.0,0.0,3,sitting
1521056907690,252.0,0.0,0.0,3,sitting
1521056907812,264.0,0.0,0.0,3,sitting
1521056907910,240.0,0.0,0.0,3,sitting
1521056908030,48.0,0.0,0.0,3,sitting
1521056908130,192.0,0.0,0.0,3,sitting
1521056908249,228.0,0.0,0.0,3,sitting
1521056908350,168.0,0.0,0.0,3,sitting
1521056908470,108.0,0.0,0.0,3,sitting
1521056908570,60.0,0.0,0.0,3,sitting
1521056908690,72.0,0.0,0.0,3,sitting
1521056909010,96.0,0.0,0.0,3,sitting
1521056909130,156.0,0.0,0.0,3,sitting
1521056909349,180.0,0.0,0.0,3,sitting
1521056909449,228.0,0.0,0.0,3,sitting
1521056909569,252.0,0.0,0.0,3,sitting
1521056909690,288.0,0.0,0.0,3,sitting
1521056909790,300.0,0.0,0.0,3,sitting
1521056909909,312.0,0.0,0.0,3,sitting
1521056910129,324.0,0.0,0.0,3,sitting
1521056910230,336.0,0.0,0.0,3,sitting
1521056910569,348.0,0.0,0.0,3,sitting
1521056910789,360.0,0.0,0.0,3,sitting
1521056911009,372.0,0.0,0.0,3,sitting
1521056911230,396.0,0.0,0.0,3,sitting
1521056911450,372.0,0.0,0.0,3,sitting
1521056911550,384.0,0.0,0.0,3,sitting
1521056911670,396.0,0.0,0.0,3,sitting
1521056911790,468.0,0.0,0.0,3,sitting
1521056911889,480.0,0.0,0.0,3,sitting
1521056912010,492.0,0.0,0.0,3,sitting
1521056912229,504.0,0.0,0.0,3,sitting
1521056912450,492.0,0.0,0.0,3,sitting
1521056912549,504.0,0.0,0.0,3,sitting
1521056912669,516.0,0.0,0.0,3,sitting
1521056912990,528.0,0.0,0.0,3,sitting
1521056913110,540.0,0.0,0.0,3,sitting
1521056913209,528.0,0.0,0.0,3,sitting
1521056913329,516.0,0.0,0.0,3,sitting
1521056913429,528.0,0.0,0.0,3,sitting
1521056913550,540.0,0.0,0.0,3,sitting
1521056913889,552.0,0.0,0.0,3,sitting
1521056914330,564.0,0.0,0.0,3,sitting
1521056914430,552.0,0.0,0.0,3,sitting
1521056914650,528.0,0.0,0.0,3,sitting
1521056914870,516.0,0.0,0.0,3,sitting
1521056914989,504.0,0.0,0.0,3,sitting
1521056915089,492.0,0.0,0.0,3,sitting
1521056915209,480.0,0.0,0.0,3,sitting
1521056915429,492.0,0.0,0.0,3,sitting
1521056915550,480.0,0.0,0.0,3,sitting
1521056915649,492.0,0.0,0.0,3,sitting
1521056915770,516.0,0.0,0.0,3,sitting
1521056915989,540.0,0.0,0.0,3,sitting
1521056916089,528.0,0.0,0.0,3,sitting
1521056916209,348.0,0.0,0.0,3,sitting
1521056916309,156.0,0.0,0.0,3,sitting
1521056916430,132.0,0.0,0.0,3,sitting
1521056916529,120.0,0.0,0.0,3,sitting
1521056917749,132.0,0.0,0.0,3,sitting
1521056917870,120.0,0.0,0.0,3,sitting
1521056918190,108.0,0.0,0.0,3,sitting
1521056918309,96.0,0.0,0.0,3,sitting
1521056918410,84.0,0.0,0.0,3,sitting
1521056918749,72.0,0.0,0.0,3,sitting
1521056918969,84.0,0.0,0.0,3,sitting
1521056919189,96.0,0.0,0.0,3,sitting
1521056919310,120.0,0.0,0.0,3,sitting
1521056919409,132.0,0.0,0.0,3,sitting
1521056919750,144.0,0.0,0.0,3,sitting
1521056920410,132.0,0.0,0.0,3,sitting
1521056920629,120.0,0.0,0.0,3,sitting
1521056922290,132.0,0.0,0.0,3,sitting
1521056922389,120.0,0.0,0.0,3,sitting
1521056922609,132.0,0.0,0.0,3,sitting
1521056922729,120.0,0.0,0.0,3,sitting
1521056923070,132.0,0.0,0.0,3,sitting
1521056923289,120.0,0.0,0.0,3,sitting
1521056923390,132.0,0.0,0.0,3,sitting
1521056923829,120.0,0.0,0.0,3,sitting
1521056923949,132.0,0.0,0.0,3,sitting
1521056924169,120.0,0.0,0.0,3,sitting
1521056924270,132.0,0.0,0.0,3,sitting
1521056924934,120.0,0.0,0.0,3,sitting
1521056925169,132.0,0.0,0.0,3,sitting
1521056925269,120.0,0.0,0.0,3,sitting
1521056925490,132.0,0.0,0.0,3,sitting
1521056925830,120.0,0.0,0.0,3,sitting
1521056925930,132.0,0.0,0.0,3,sitting
1521056926269,120.0,0.0,0.0,3,sitting
1521056926369,132.0,0.0,0.0,3,sitting
1521056926589,120.0,0.0,0.0,3,sitting
1521056926829,132.0,0.0,0.0,3,sitting
1521056927490,120.0,0.0,0.0,3,sitting
1521056929150,108.0,0.0,0.0,3,sitting
1521056929810,96.0,0.0,0.0,3,sitting
1521056929909,108.0,0.0,0.0,3,sitting
1521056930129,120.0,0.0,0.0,3,sitting
1521056930690,132.0,0.0,0.0,3,sitting
1521056931470,120.0,0.0,0.0,3,sitting
1521056931910,132.0,0.0,0.0,3,sitting
1521056932010,192.0,0.0,0.0,3,sitting
1521056932129,228.0,0.0,0.0,3,sitting
1521056932230,240.0,0.0,0.0,3,sitting
1521056932569,228.0,0.0,0.0,3,sitting
1521056933010,204.0,0.0,0.0,3,sitting
1521056933129,168.0,0.0,0.0,3,sitting
1521056933229,144.0,0.0,0.0,3,sitting
1521056933349,132.0,0.0,0.0,3,sitting
1521056933669,120.0,0.0,0.0,3,sitting
1521056938430,132.0,0.0,0.0,3,sitting
1521056938550,156.0,0.0,0.0,3,sitting
1521056938649,180.0,0.0,0.0,3,sitting
1521056938870,216.0,0.0,0.0,3,sitting
1521056938990,192.0,0.0,0.0,3,sitting
1521056939090,180.0,0.0,0.0,3,sitting
1521056939309,156.0,0.0,0.0,3,sitting
1521056939430,144.0,0.0,0.0,3,sitting
1521056939530,132.0,0.0,0.0,3,sitting
1521056939650,120.0,0.0,0.0,3,sitting
1521056939970,132.0,0.0,0.0,3,sitting
1521056940190,120.0,0.0,0.0,3,sitting
1521056940309,96.0,0.0,0.0,3,sitting
1521056940430,60.0,0.0,0.0,3,sitting
1521056940749,36.0,0.0,0.0,3,sitting
1521056940869,24.0,0.0,0.0,3,sitting
1521056942078,36.0,0.0,0.0,3,sitting
1521056945510,48.0,0.0,0.0,3,sitting
1521056945949,60.0,0.0,0.0,3,sitting
1521056946509,48.0,0.0,0.0,3,sitting
1521056946829,36.0,0.0,0.0,3,sitting
1521056947169,48.0,0.0,0.0,3,sitting
1521056950150,60.0,0.0,0.0,3,sitting
1521056953029,72.0,0.0,0.0,3,sitting
1521056953249,84.0,0.0,0.0,3,sitting
1521056953350,120.0,0.0,0.0,3,sitting
1521056953470,156.0,0.0,0.0,3,sitting
1521056953690,168.0,0.0,0.0,3,sitting
1521056953909,156.0,0.0,0.0,3,sitting
1521056954909,168.0,0.0,0.0,3,sitting
1521056955352,156.0,0.0,0.0,3,sitting
1521056955569,168.0,0.0,0.0,3,sitting
1521056956330,156.0,0.0,0.0,3,sitting
1521056956890,144.0,0.0,0.0,3,sitting
1521056957009,156.0,0.0,0.0,3,sitting
1521056957329,168.0,0.0,0.0,3,sitting
1521056959110,156.0,0.0,0.0,3,sitting
1521056960089,168.0,0.0,0.0,3,sitting
1521056960210,156.0,0.0,0.0,3,sitting
1521056960330,168.0,0.0,0.0,3,sitting
1521056960550,156.0,0.0,0.0,3,sitting
1521056960869,144.0,0.0,0.0,3,sitting
1521056961090,156.0,0.0,0.0,3,sitting
1521056962090,144.0,0.0,0.0,3,sitting
1521056962530,156.0,0.0,0.0,3,sitting
1521056962750,144.0,0.0,0.0,3,sitting
1521056962869,132.0,0.0,0.0,3,sitting
1521056965510,120.0,0.0,0.0,3,sitting
1521056966509,132.0,0.0,0.0,3,sitting
1521056967830,120.0,0.0,0.0,3,sitting
1521056973590,132.0,0.0,0.0,3,sitting
1521056974470,120.0,0.0,0.0,3,sitting
1521056977010,132.0,0.0,0.0,3,sitting
1521056979670,120.0,0.0,0.0,3,sitting
1521056994589,132.0,0.0,0.0,3,sitting
1521056994709,120.0,0.0,0.0,3,sitting
1521056994809,132.0,0.0,0.0,3,sitting
1521056995149,120.0,0.0,0.0,3,sitting
1521056996249,132.0,0.0,0.0,3,sitting
1521056996470,120.0,0.0,0.0,3,sitting
1521056996590,132.0,0.0,0.0,3,sitting
1521056997249,120.0,0.0,0.0,3,sitting
1521057006974,132.0,0.0,0.0,3,sitting
1521057007209,120.0,0.0,0.0,3,sitting
1521057007310,108.0,0.0,0.0,3,sitting
1521057007429,96.0,0.0,0.0,3,sitting
1521057008529,108.0,0.0,0.0,3,sitting
1521057008849,120.0,0.0,0.0,3,sitting
1521057009070,168.0,0.0,0.0,3,sitting
1521057009189,288.0,0.0,0.0,3,sitting
1521057009309,384.0,0.0,0.0,3,sitting
1521057009410,456.0,0.0,0.0,3,sitting
1521057009530,516.0,0.0,0.0,3,sitting
1521057009629,576.0,0.0,0.0,3,sitting
1521057009750,588.0,0.0,0.0,3,sitting
1521057009969,576.0,0.0,0.0,3,sitting
1521057010069,528.0,0.0,0.0,3,sitting
1521057010190,492.0,0.0,0.0,3,sitting
1521057010289,456.0,0.0,0.0,3,sitting
1521057010849,444.0,0.0,0.0,3,sitting
1521057011069,432.0,0.0,0.0,3,sitting
1521057011169,420.0,0.0,0.0,3,sitting
1521057011290,408.0,0.0,0.0,3,sitting
1521057012949,396.0,0.0,0.0,3,sitting
1521057013269,384.0,0.0,0.0,3,sitting
1521057013949,372.0,0.0,0.0,3,sitting
1521057014049,384.0,0.0,0.0,3,sitting
1521057015490,372.0,0.0,0.0,3,sitting
1521057015709,384.0,0.0,0.0,3,sitting
1521057016929,396.0,0.0,0.0,3,sitting
1521057017150,408.0,0.0,0.0,3,sitting
1521057017369,420.0,0.0,0.0,3,sitting
1521057017710,408.0,0.0,0.0,3,sitting
1521057017912,420.0,0.0,0.0,3,sitting
1521057018689,396.0,0.0,0.0,3,sitting
1521057018809,384.0,0.0,0.0,3,sitting
1521057019030,396.0,0.0,0.0,3,sitting
1521057020249,384.0,0.0,0.0,3,sitting
1521057020570,372.0,0.0,0.0,3,sitting
1521057020909,348.0,0.0,0.0,3,sitting
1521057021009,336.0,0.0,0.0,3,sitting
1521057021130,324.0,0.0,0.0,3,sitting
1521057021349,300.0,0.0,0.0,3,sitting
1521057021449,288.0,0.0,0.0,3,sitting
1521057021569,276.0,0.0,0.0,3,sitting
1521057021790,264.0,0.0,0.0,3,sitting
1521057022009,276.0,0.0,0.0,3,sitting
1521057022350,264.0,0.0,0.0,3,sitting
1521057022890,276.0,0.0,0.0,3,sitting
1521057023110,264.0,0.0,0.0,3,sitting
1521057023229,276.0,0.0,0.0,3,sitting
1521057023790,300.0,0.0,0.0,3,sitting
1521057023889,348.0,0.0,0.0,3,sitting
1521057024009,444.0,0.0,0.0,3,sitting
1521057024109,564.0,0.0,0.0,3,sitting
1521057024229,480.0,0.0,0.0,3,sitting
1521057024329,336.0,0.0,0.0,3,sitting
1521057024449,216.0,0.0,0.0,3,sitting
1521057024549,156.0,0.0,0.0,3,sitting
1521057024669,144.0,0.0,0.0,3,sitting
1521057024770,132.0,0.0,0.0,3,sitting
1521057025109,120.0,0.0,0.0,3,sitting
1521057025430,108.0,0.0,0.0,3,sitting
1521057025670,96.0,0.0,0.0,3,sitting
1521057025769,84.0,0.0,0.0,3,sitting
1521057026429,96.0,0.0,0.0,3,sitting
1521057026769,108.0,0.0,0.0,3,sitting
1521057026989,120.0,0.0,0.0,3,sitting
1521057027090,132.0,0.0,0.0,3,sitting
1521057027209,120.0,0.0,0.0,3,sitting
1521057027310,84.0,0.0,0.0,3,sitting
1521057027429,48.0,0.0,0.0,3,sitting
1521057027529,84.0,0.0,0.0,3,sitting
1521057027649,108.0,0.0,0.0,3,sitting
1521057027769,120.0,0.0,0.0,3,sitting
1521057027869,132.0,0.0,0.0,3,sitting
1521057028309,120.0,0.0,0.0,3,sitting
1521057028530,108.0,0.0,0.0,3,sitting
1521057028649,120.0,0.0,0.0,3,sitting
1521057028750,132.0,0.0,0.0,3,sitting
1521057029870,120.0,0.0,0.0,3,sitting
1521057030100,96.0,0.0,0.0,3,sitting
1521057030310,84.0,0.0,0.0,3,sitting
1521057030529,72.0,0.0,0.0,3,sitting
1521057030630,60.0,0.0,0.0,3,sitting
1521057030850,48.0,0.0,0.0,3,sitting
1521057031409,36.0,0.0,0.0,3,sitting
1521057037490,48.0,0.0,0.0,3,sitting
1521057037710,36.0,0.0,0.0,3,sitting
1521057037810,24.0,0.0,0.0,3,sitting
1521057037930,36.0,0.0,0.0,3,sitting
1521057038050,48.0,0.0,0.0,3,sitting
1521057038149,60.0,0.0,0.0,3,sitting
1521057038369,48.0,0.0,0.0,3,sitting
1521057038590,36.0,0.0,0.0,3,sitting
1521057039469,24.0,0.0,0.0,3,sitting
1521057043009,36.0,0.0,0.0,3,sitting
1521057043449,48.0,0.0,0.0,3,sitting
1521057043570,60.0,0.0,0.0,3,sitting
1521057044450,48.0,0.0,0.0,3,sitting
1521057044570,36.0,0.0,0.0,3,sitting
1521057044670,24.0,0.0,0.0,3,sitting
1521057044790,12.0,0.0,0.0,3,sitting
1521057044889,0.0,0.0,0.0,3,sitting
1521057045230,12.0,0.0,0.0,3,sitting
1521057045550,0.0,0.0,0.0,3,sitting
1521057051190,0.0,0.0,0.0,3,sitting
1521057052069,0.0,0.0,0.0,3,sitting
1521057052292,0.0,0.0,0.0,3,sitting
1521057052630,0.0,0.0,0.0,3,sitting
1521057052730,0.0,0.0,0.0,3,sitting
1521057052850,0.0,0.0,0.0,3,sitting
1521057052950,0.0,0.0,0.0,3,sitting
1521057053850,0.0,0.0,0.0,3,sitting
1521057053950,0.0,0.0,0.0,3,sitting
1521057055389,0.0,0.0,0.0,3,sitting
1521057055730,0.0,0.0,0.0,3,sitting
1521057058149,0.0,0.0,0.0,3,sitting
1521057060150,0.0,0.0,0.0,3,sitting
1521057060689,0.0,0.0,0.0,3,sitting
1521057060909,0.0,0.0,0.0,3,sitting
1521057061350,0.0,0.0,0.0,3,sitting
1521057063450,0.0,0.0,0.0,3,sitting
1521057063574,0.0,0.0,0.0,3,sitting
1521057063669,0.0,0.0,0.0,3,sitting
1521057063789,0.0,0.0,0.0,3,sitting
1521057081470,0.0,0.0,0.0,3,sitting
1521057081589,0.0,0.0,0.0,3,sitting
1521057081689,0.0,0.0,0.0,3,sitting
1521057081909,24.0,0.0,0.0,3,sitting
1521057082029,60.0,0.0,0.0,3,sitting
1521057082150,48.0,0.0,0.0,3,sitting
1521057082589,60.0,0.0,0.0,3,sitting
1521057082809,72.0,0.0,0.0,3,sitting
1521057083350,60.0,0.0,0.0,3,sitting
1521057083569,72.0,0.0,0.0,3,sitting
1521057084790,60.0,0.0,0.0,3,sitting
1521057084909,48.0,0.0,0.0,3,sitting
1521057085129,36.0,0.0,0.0,3,sitting
1521057085229,48.0,0.0,0.0,3,sitting
1521057086349,36.0,0.0,0.0,3,sitting
1521057086450,24.0,0.0,0.0,3,sitting
1521057086670,12.0,0.0,0.0,3,sitting
1521057086790,36.0,0.0,0.0,3,sitting
1521057087012,48.0,0.0,0.0,3,sitting
1521057087109,60.0,0.0,0.0,3,sitting
1521057087229,84.0,0.0,0.0,3,sitting
1521057087330,96.0,0.0,0.0,3,sitting
1521057087449,108.0,0.0,0.0,3,sitting
1521057087550,132.0,0.0,0.0,3,sitting
1521057087670,156.0,0.0,0.0,3,sitting
1521057087769,240.0,0.0,0.0,3,sitting
1521057087889,168.0,0.0,0.0,3,sitting
1521057087990,132.0,0.0,0.0,3,sitting
1521057088989,144.0,0.0,0.0,3,sitting
1521057089109,468.0,0.0,0.0,3,sitting
1521057089209,372.0,0.0,0.0,3,sitting
1521057089329,336.0,0.0,0.0,3,sitting
1521057089430,540.0,0.0,0.0,3,sitting
1521057089549,612.0,0.0,0.0,3,sitting
1521057089769,624.0,0.0,0.0,3,sitting
1521057089869,612.0,0.0,0.0,3,sitting
1521057089994,540.0,0.0,0.0,3,sitting
1521057090089,456.0,0.0,0.0,3,sitting
1521057090209,324.0,0.0,0.0,3,sitting
1521057090310,276.0,0.0,0.0,3,sitting
1521057090430,252.0,0.0,0.0,3,sitting
1521057090549,264.0,0.0,0.0,3,sitting
1521057090650,300.0,0.0,0.0,3,sitting
1521057090770,336.0,0.0,0.0,3,sitting
1521057090870,348.0,0.0,0.0,3,sitting
1521057090990,408.0,0.0,0.0,3,sitting
1521057091089,504.0,0.0,0.0,3,sitting
1521057091209,552.0,0.0,0.0,3,sitting
1521057091310,588.0,0.0,0.0,3,sitting
1521057091529,576.0,0.0,0.0,3,sitting
1521057091750,252.0,0.0,0.0,3,sitting
1521057091869,144.0,0.0,0.0,3,sitting
1521057091970,168.0,0.0,0.0,3,sitting
1521057092090,72.0,0.0,0.0,3,sitting
1521057092190,0.0,0.0,0.0,3,sitting
1521057092310,24.0,0.0,0.0,3,sitting
1521057092430,12.0,0.0,0.0,3,sitting
1521057092529,156.0,0.0,0.0,3,sitting
1521057092650,132.0,0.0,0.0,3,sitting
1521057092750,0.0,0.0,0.0,3,sitting
1521057094070,48.0,0.0,0.0,3,sitting
1521057094189,108.0,0.0,0.0,3,sitting
1521057094290,144.0,0.0,0.0,3,sitting
1521057094529,420.0,0.0,0.0,3,sitting
1521057094629,552.0,0.0,0.0,3,sitting
1521057094749,528.0,0.0,0.0,3,sitting
1521057094849,492.0,0.0,0.0,3,sitting
1521057094970,456.0,0.0,0.0,3,sitting
1521057095069,360.0,0.0,0.0,3,sitting
1521057095189,348.0,0.0,0.0,3,sitting
1521057095289,360.0,0.0,0.0,3,sitting
1521057095509,348.0,0.0,0.0,3,sitting
1521057095629,360.0,0.0,0.0,3,sitting
1521057095729,348.0,0.0,0.0,3,sitting
1521057096169,336.0,0.0,0.0,3,sitting
1521057096389,348.0,0.0,0.0,3,sitting
1521057096834,360.0,0.0,0.0,3,sitting
1521057096949,372.0,0.0,0.0,3,sitting
1521057097069,384.0,0.0,0.0,3,sitting
1521057097169,396.0,0.0,0.0,3,sitting
1521057097289,420.0,0.0,0.0,3,sitting
1521057097389,444.0,0.0,0.0,3,sitting
1521057097512,456.0,0.0,0.0,3,sitting
1521057097609,468.0,0.0,0.0,3,sitting
1521057097730,552.0,0.0,0.0,3,sitting
1521057097829,564.0,0.0,0.0,3,sitting
1521057097949,576.0,0.0,0.0,3,sitting
1521057098169,588.0,0.0,0.0,3,sitting
1521057098269,600.0,0.0,0.0,3,sitting
1521057099393,636.0,0.0,0.0,3,sitting
1521057099490,660.0,0.0,0.0,3,sitting
1521057099613,672.0,0.0,0.0,3,sitting
1521057099709,684.0,0.0,0.0,3,sitting
1521057100490,696.0,0.0,0.0,3,sitting
1521057100710,684.0,0.0,0.0,3,sitting
1521057100809,696.0,0.0,0.0,3,sitting
1521057100929,684.0,0.0,0.0,3,sitting
1521057101050,672.0,0.0,0.0,3,sitting
1521057101149,660.0,0.0,0.0,3,sitting
1521057101590,648.0,0.0,0.0,3,sitting
1521057102030,636.0,0.0,0.0,3,sitting
1521057102469,624.0,0.0,0.0,3,sitting
1521057102590,636.0,0.0,0.0,3,sitting
1521057102689,624.0,0.0,0.0,3,sitting
1521057102909,612.0,0.0,0.0,3,sitting
1521057103030,624.0,0.0,0.0,3,sitting
1521057103249,612.0,0.0,0.0,3,sitting
1521057103470,624.0,0.0,0.0,3,sitting
1521057103589,612.0,0.0,0.0,3,sitting
1521057104350,588.0,0.0,0.0,3,sitting
1521057104470,540.0,0.0,0.0,3,sitting
1521057104569,504.0,0.0,0.0,3,sitting
1521057104690,492.0,0.0,0.0,3,sitting
1521057104790,480.0,0.0,0.0,3,sitting
1521057105140,492.0,0.0,0.0,3,sitting
1521057105349,480.0,0.0,0.0,3,sitting
1521057106010,504.0,0.0,0.0,3,sitting
1521057106129,516.0,0.0,0.0,3,sitting
1521057106350,528.0,0.0,0.0,3,sitting
1521057106450,540.0,0.0,0.0,3,sitting
1521057106790,552.0,0.0,0.0,3,sitting
1521057107109,564.0,0.0,0.0,3,sitting
1521057107450,576.0,0.0,0.0,3,sitting
1521057107669,588.0,0.0,0.0,3,sitting
1521057107789,600.0,0.0,0.0,3,sitting
1521057108010,624.0,0.0,0.0,3,sitting
1521057108111,636.0,0.0,0.0,3,sitting
1521057108770,624.0,0.0,0.0,3,sitting
1521057108890,636.0,0.0,0.0,3,sitting
1521057109329,624.0,0.0,0.0,3,sitting
1521057109430,600.0,0.0,0.0,3,sitting
1521057109550,564.0,0.0,0.0,3,sitting
1521057109650,552.0,0.0,0.0,3,sitting
1521057110429,540.0,0.0,0.0,3,sitting
1521057110770,528.0,0.0,0.0,3,sitting
1521057110869,540.0,0.0,0.0,3,sitting
1521057110989,588.0,0.0,0.0,3,sitting
1521057111090,612.0,0.0,0.0,3,sitting
1521057111209,600.0,0.0,0.0,3,sitting
1521057111990,588.0,0.0,0.0,3,sitting
1521057112429,600.0,0.0,0.0,3,sitting
1521057112529,588.0,0.0,0.0,3,sitting
1521057112650,600.0,0.0,0.0,3,sitting
1521057112869,588.0,0.0,0.0,3,sitting
1521057113190,600.0,0.0,0.0,3,sitting
1521057113318,588.0,0.0,0.0,3,sitting
1521057113850,576.0,0.0,0.0,3,sitting
1521057114190,564.0,0.0,0.0,3,sitting
1521057114530,552.0,0.0,0.0,3,sitting
1521057115070,540.0,0.0,0.0,3,sitting
1521057115730,528.0,0.0,0.0,3,sitting
1521057115949,540.0,0.0,0.0,3,sitting
1521057116289,528.0,0.0,0.0,3,sitting
1521057116409,540.0,0.0,0.0,3,sitting
1521057116510,528.0,0.0,0.0,3,sitting
1521057117070,516.0,0.0,0.0,3,sitting
1521057117169,528.0,0.0,0.0,3,sitting
1521057117850,516.0,0.0,0.0,3,sitting
1521057117950,528.0,0.0,0.0,3,sitting
1521057118169,540.0,0.0,0.0,3,sitting
1521057118289,528.0,0.0,0.0,3,sitting
1521057118509,540.0,0.0,0.0,3,sitting
1521057118610,528.0,0.0,0.0,3,sitting
1521057118729,540.0,0.0,0.0,3,sitting
1521057119049,528.0,0.0,0.0,3,sitting
1521057119169,540.0,0.0,0.0,3,sitting
1521057119393,528.0,0.0,0.0,3,sitting
1521057119509,540.0,0.0,0.0,3,sitting
1521057120170,528.0,0.0,0.0,3,sitting
1521057120389,540.0,0.0,0.0,3,sitting
1521057120709,552.0,0.0,0.0,3,sitting
1521057120830,576.0,0.0,0.0,3,sitting
1521057120929,588.0,0.0,0.0,3,sitting
1521057121374,600.0,0.0,0.0,3,sitting
1521057121590,612.0,0.0,0.0,3,sitting
1521057121710,576.0,0.0,0.0,3,sitting
1521057121830,540.0,0.0,0.0,3,sitting
1521057121929,444.0,0.0,0.0,3,sitting
1521057122049,324.0,0.0,0.0,3,sitting
1521057122149,264.0,0.0,0.0,3,sitting
1521057122269,372.0,0.0,0.0,3,sitting
1521057122371,132.0,0.0,0.0,3,sitting
1521057122489,144.0,0.0,0.0,3,sitting
1521057122590,156.0,0.0,0.0,3,sitting
1521057123030,168.0,0.0,0.0,3,sitting
1521057123369,192.0,0.0,0.0,3,sitting
1521057123489,204.0,0.0,0.0,3,sitting
1521057123589,192.0,0.0,0.0,3,sitting
1521057123710,180.0,0.0,0.0,3,sitting
1521057123810,168.0,0.0,0.0,3,sitting
1521057124030,156.0,0.0,0.0,3,sitting
1521057124249,144.0,0.0,0.0,3,sitting
1521057124470,156.0,0.0,0.0,3,sitting
1521057124690,144.0,0.0,0.0,3,sitting
1521057124810,120.0,0.0,0.0,3,sitting
1521057124909,108.0,0.0,0.0,3,sitting
1521057125029,96.0,0.0,0.0,3,sitting
1521057125130,84.0,0.0,0.0,3,sitting
1521057125249,72.0,0.0,0.0,3,sitting
1521057125590,228.0,0.0,0.0,3,sitting
1521057125690,216.0,0.0,0.0,3,sitting
1521057125809,288.0,0.0,0.0,3,sitting
1521057125910,324.0,0.0,0.0,3,sitting
1521057126029,336.0,0.0,0.0,3,sitting
1521057126129,324.0,0.0,0.0,3,sitting
1521057126349,312.0,0.0,0.0,3,sitting
1521057126470,336.0,0.0,0.0,3,sitting
1521057126569,372.0,0.0,0.0,3,sitting
1521057126689,396.0,0.0,0.0,3,sitting
1521057126789,372.0,0.0,0.0,3,sitting
1521057126909,408.0,0.0,0.0,3,sitting
1521057127009,420.0,0.0,0.0,3,sitting
1521057127449,408.0,0.0,0.0,3,sitting
1521057127789,396.0,0.0,0.0,3,sitting
1521057127909,384.0,0.0,0.0,3,sitting
1521057128230,408.0,0.0,0.0,3,sitting
1521057128670,396.0,0.0,0.0,3,sitting
1521057128890,384.0,0.0,0.0,3,sitting
1521057129329,372.0,0.0,0.0,3,sitting
1521057129670,360.0,0.0,0.0,3,sitting
1521057130109,348.0,0.0,0.0,3,sitting
1521057135409,360.0,0.0,0.0,3,sitting
1521057135630,372.0,0.0,0.0,3,sitting
1521057136629,384.0,0.0,0.0,3,sitting
1521057137189,396.0,0.0,0.0,3,sitting
1521057137849,384.0,0.0,0.0,3,sitting
1521057139510,372.0,0.0,0.0,3,sitting
1521057141710,384.0,0.0,0.0,3,sitting
1521057141929,396.0,0.0,0.0,3,sitting
1521057143150,408.0,0.0,0.0,3,sitting
1521057143369,396.0,0.0,0.0,3,sitting
1521057146129,408.0,0.0,0.0,3,sitting
1521057146249,420.0,0.0,0.0,3,sitting
1521057146349,432.0,0.0,0.0,3,sitting
1521057146470,456.0,0.0,0.0,3,sitting
1521057146569,528.0,0.0,0.0,3,sitting
1521057146909,504.0,0.0,0.0,3,sitting
1521057147009,480.0,0.0,0.0,3,sitting
1521057147129,420.0,0.0,0.0,3,sitting
1521057147250,348.0,0.0,0.0,3,sitting
1521057147350,216.0,0.0,0.0,3,sitting
1521057147469,36.0,0.0,0.0,3,sitting
1521057147569,0.0,0.0,0.0,3,sitting
1521057147910,0.0,0.0,0.0,3,sitting
1521057148790,0.0,0.0,0.0,3,sitting
1521057149010,24.0,0.0,0.0,3,sitting
1521057149109,0.0,0.0,0.0,3,sitting
1521057149230,0.0,0.0,0.0,3,sitting
1521057149349,24.0,0.0,0.0,3,sitting
1521057149569,0.0,0.0,0.0,3,sitting
1521057150009,24.0,0.0,0.0,3,sitting
1521057150109,252.0,0.0,0.0,3,sitting
1521057150230,168.0,0.0,0.0,3,sitting
1521057150330,132.0,0.0,0.0,3,sitting
1521057150450,120.0,0.0,0.0,3,sitting
1521057150549,48.0,0.0,0.0,3,sitting
1521057150670,36.0,0.0,0.0,3,sitting
1521057150769,48.0,0.0,0.0,3,sitting
1521057150889,84.0,0.0,0.0,3,sitting
1521057150989,96.0,0.0,0.0,3,sitting
1521057151110,108.0,0.0,0.0,3,sitting
1521057151209,120.0,0.0,0.0,3,sitting
1521057151330,132.0,0.0,0.0,3,sitting
1521057151549,108.0,0.0,0.0,3,sitting
1521057151669,96.0,0.0,0.0,3,sitting
1521057151772,36.0,0.0,0.0,3,sitting
1521057151989,24.0,0.0,0.0,3,sitting
1521057152109,0.0,0.0,0.0,3,sitting
1521057153770,24.0,0.0,0.0,3,sitting
1521057153869,48.0,0.0,0.0,3,sitting
1521057153990,120.0,0.0,0.0,3,sitting
1521057154089,432.0,0.0,0.0,3,sitting
1521057154209,564.0,0.0,0.0,3,sitting
1521057154309,336.0,0.0,0.0,3,sitting
1521057154429,504.0,0.0,0.0,3,sitting
1521057154529,648.0,0.0,0.0,3,sitting
1521057154649,924.0,0.0,0.0,3,sitting
1521057154749,984.0,0.0,0.0,3,sitting
1521057154870,972.0,0.0,0.0,3,sitting
1521057154969,984.0,0.0,0.0,3,sitting
1521057155090,996.0,0.0,0.0,3,sitting
1521057155189,1020.0,0.0,0.0,3,sitting
1521057155309,996.0,0.0,0.0,3,sitting
1521057155429,1008.0,0.0,0.0,3,sitting
1521057155530,1020.0,0.0,0.0,3,sitting
1521057155650,1032.0,0.0,0.0,3,sitting
1521057156089,1020.0,0.0,0.0,3,sitting
1521057156410,1008.0,0.0,0.0,3,sitting
1521057156629,996.0,0.0,0.0,3,sitting
1521057156749,1008.0,0.0,0.0,3,sitting
1521057156850,1020.0,0.0,0.0,3,sitting
1521057156970,1008.0,0.0,0.0,3,sitting
1521057157069,996.0,0.0,0.0,3,sitting
1521057157529,1008.0,0.0,0.0,3,sitting
1521057157630,1044.0,0.0,0.0,3,sitting
1521057157850,1032.0,0.0,0.0,3,sitting
1521057157970,1008.0,0.0,0.0,3,sitting
1521057158070,840.0,0.0,0.0,3,sitting
1521057158189,768.0,0.0,0.0,3,sitting
1521057158290,744.0,0.0,0.0,3,sitting
1521057158410,732.0,0.0,0.0,3,sitting
1521057158510,684.0,0.0,0.0,3,sitting
1521057158949,672.0,0.0,0.0,3,sitting
1521057159389,660.0,0.0,0.0,3,sitting
1521057159509,648.0,0.0,0.0,3,sitting
1521057159630,636.0,0.0,0.0,3,sitting
1521057159730,648.0,0.0,0.0,3,sitting
1521057159950,660.0,0.0,0.0,3,sitting
1521057160390,684.0,0.0,0.0,3,sitting
1521057160510,720.0,0.0,0.0,3,sitting
1521057160609,828.0,0.0,0.0,3,sitting
1521057160729,936.0,0.0,0.0,3,sitting
1521057160829,900.0,0.0,0.0,3,sitting
1521057160950,816.0,0.0,0.0,3,sitting
1521057161049,660.0,0.0,0.0,3,sitting
1521057161170,612.0,0.0,0.0,3,sitting
1521057161270,696.0,0.0,0.0,3,sitting
1521057161390,768.0,0.0,0.0,3,sitting
1521057161490,756.0,0.0,0.0,3,sitting
1521057161610,804.0,0.0,0.0,3,sitting
1521057161730,828.0,0.0,0.0,3,sitting
1521057161830,876.0,0.0,0.0,3,sitting
1521057161950,888.0,0.0,0.0,3,sitting
1521057162049,900.0,0.0,0.0,3,sitting
1521057162170,924.0,0.0,0.0,3,sitting
1521057162270,948.0,0.0,0.0,3,sitting
1521057162390,924.0,0.0,0.0,3,sitting
1521057162610,888.0,0.0,0.0,3,sitting
1521057162710,816.0,0.0,0.0,3,sitting
1521057162829,864.0,0.0,0.0,3,sitting
1521057162929,936.0,0.0,0.0,3,sitting
1521057163050,948.0,0.0,0.0,3,sitting
1521057163149,960.0,0.0,0.0,3,sitting
1521057163269,936.0,0.0,0.0,3,sitting
1521057163370,912.0,0.0,0.0,3,sitting
1521057163489,840.0,0.0,0.0,3,sitting
1521057163589,744.0,0.0,0.0,3,sitting
1521057163709,756.0,0.0,0.0,3,sitting
1521057163930,744.0,0.0,0.0,3,sitting
1521057164269,732.0,0.0,0.0,3,sitting
1521057164370,744.0,0.0,0.0,3,sitting
1521057164590,732.0,0.0,0.0,3,sitting
1521057164710,720.0,0.0,0.0,3,sitting
1521057164810,672.0,0.0,0.0,3,sitting
1521057164929,576.0,0.0,0.0,3,sitting
1521057165029,540.0,0.0,0.0,3,sitting
1521057165150,516.0,0.0,0.0,3,sitting
1521057165470,504.0,0.0,0.0,3,sitting
1521057165689,516.0,0.0,0.0,3,sitting
1521057165810,504.0,0.0,0.0,3,sitting
1521057165912,492.0,0.0,0.0,3,sitting
1521057166249,480.0,0.0,0.0,3,sitting
1521057166469,504.0,0.0,0.0,3,sitting
1521057166590,528.0,0.0,0.0,3,sitting
1521057166689,516.0,0.0,0.0,3,sitting
1521057166809,492.0,0.0,0.0,3,sitting
1521057166910,468.0,0.0,0.0,3,sitting
1521057167029,480.0,0.0,0.0,3,sitting
1521057167129,576.0,0.0,0.0,3,sitting
1521057167249,780.0,0.0,0.0,3,sitting
1521057167349,816.0,0.0,0.0,3,sitting
1521057167469,780.0,0.0,0.0,3,sitting
1521057167569,768.0,0.0,0.0,3,sitting
1521057167689,780.0,0.0,0.0,3,sitting
1521057167809,840.0,0.0,0.0,3,sitting
1521057167910,852.0,0.0,0.0,3,sitting
1521057168029,804.0,0.0,0.0,3,sitting
1521057168129,612.0,0.0,0.0,3,sitting
1521057168249,324.0,0.0,0.0,3,sitting
1521057168349,300.0,0.0,0.0,3,sitting
1521057168470,312.0,0.0,0.0,3,sitting
1521057168569,336.0,0.0,0.0,3,sitting
1521057168789,384.0,0.0,0.0,3,sitting
1521057168910,576.0,0.0,0.0,3,sitting
1521057169009,792.0,0.0,0.0,3,sitting
1521057169129,852.0,0.0,0.0,3,sitting
1521057169230,684.0,0.0,0.0,3,sitting
1521057169349,576.0,0.0,0.0,3,sitting
1521057169450,588.0,0.0,0.0,3,sitting
1521057169570,564.0,0.0,0.0,3,sitting
1521057169670,492.0,0.0,0.0,3,sitting
1521057169789,396.0,0.0,0.0,3,sitting
1521057169909,348.0,0.0,0.0,3,sitting
1521057170009,336.0,0.0,0.0,3,sitting
1521057170129,324.0,0.0,0.0,3,sitting
1521057170229,288.0,0.0,0.0,3,sitting
1521057170349,252.0,0.0,0.0,3,sitting
1521057170449,240.0,0.0,0.0,3,sitting
1521057170570,228.0,0.0,0.0,3,sitting
1521057170670,216.0,0.0,0.0,3,sitting
1521057170789,204.0,0.0,0.0,3,sitting
1521057170890,228.0,0.0,0.0,3,sitting
1521057171010,276.0,0.0,0.0,3,sitting
1521057171110,288.0,0.0,0.0,3,sitting
1521057171329,300.0,0.0,0.0,3,sitting
1521057171450,372.0,0.0,0.0,3,sitting
1521057171550,492.0,0.0,0.0,3,sitting
1521057171669,468.0,0.0,0.0,3,sitting
1521057171770,456.0,0.0,0.0,3,sitting
1521057171890,444.0,0.0,0.0,3,sitting
1521057172010,432.0,0.0,0.0,3,sitting
1521057172110,420.0,0.0,0.0,3,sitting
1521057172230,372.0,0.0,0.0,3,sitting
1521057172329,336.0,0.0,0.0,3,sitting
1521057172670,324.0,0.0,0.0,3,sitting
1521057172769,312.0,0.0,0.0,3,sitting
1521057172889,288.0,0.0,0.0,3,sitting
1521057172990,264.0,0.0,0.0,3,sitting
1521057173115,240.0,0.0,0.0,3,sitting
1521057173209,216.0,0.0,0.0,3,sitting
1521057173429,204.0,0.0,0.0,3,sitting
1521057174109,192.0,0.0,0.0,3,sitting
1521057174209,216.0,0.0,0.0,3,sitting
1521057174330,240.0,0.0,0.0,3,sitting
1521057174430,408.0,0.0,0.0,3,sitting
1521057174550,672.0,0.0,0.0,3,sitting
1521057174649,576.0,0.0,0.0,3,sitting
1521057174769,300.0,0.0,0.0,3,sitting
1521057174869,204.0,0.0,0.0,3,sitting
1521057174990,156.0,0.0,0.0,3,sitting
1521057175094,108.0,0.0,0.0,3,sitting
1521057175209,120.0,0.0,0.0,3,sitting
1521057175309,132.0,0.0,0.0,3,sitting
1521057175429,168.0,0.0,0.0,3,sitting
1521057175529,204.0,0.0,0.0,3,sitting
1521057175650,192.0,0.0,0.0,3,sitting
1521057175989,204.0,0.0,0.0,3,sitting
1521057176089,168.0,0.0,0.0,3,sitting
1521057176309,180.0,0.0,0.0,3,sitting
1521057177189,168.0,0.0,0.0,3,sitting
1521057177310,180.0,0.0,0.0,3,sitting
1521057177409,168.0,0.0,0.0,3,sitting
1521057177749,180.0,0.0,0.0,3,sitting
1521057177869,192.0,0.0,0.0,3,sitting
1521057177969,348.0,0.0,0.0,3,sitting
1521057178089,564.0,0.0,0.0,3,sitting
1521057178189,708.0,0.0,0.0,3,sitting
1521057178310,804.0,0.0,0.0,3,sitting
1521057178409,684.0,0.0,0.0,3,sitting
1521057178529,468.0,0.0,0.0,3,sitting
1521057178629,276.0,0.0,0.0,3,sitting
1521057178750,204.0,0.0,0.0,3,sitting
1521057178850,192.0,0.0,0.0,3,sitting
1521057178969,168.0,0.0,0.0,3,sitting
1521057179289,180.0,0.0,0.0,3,sitting
1521057179409,204.0,0.0,0.0,3,sitting
1521057179509,264.0,0.0,0.0,3,sitting
1521057179630,540.0,0.0,0.0,3,sitting
1521057179750,780.0,0.0,0.0,3,sitting
1521057179849,732.0,0.0,0.0,3,sitting
1521057179970,492.0,0.0,0.0,3,sitting
1521057180070,360.0,0.0,0.0,3,sitting
1521057180189,288.0,0.0,0.0,3,sitting
1521057180290,240.0,0.0,0.0,3,sitting
1521057180409,204.0,0.0,0.0,3,sitting
1521057180510,192.0,0.0,0.0,3,sitting
1521057180630,180.0,0.0,0.0,3,sitting
1521057180729,168.0,0.0,0.0,3,sitting
1521057180950,156.0,0.0,0.0,3,sitting
1521057181170,144.0,0.0,0.0,3,sitting
1521057183389,156.0,0.0,0.0,3,sitting
1521057184050,168.0,0.0,0.0,3,sitting
1521057184389,180.0,0.0,0.0,3,sitting
1521057184490,192.0,0.0,0.0,3,sitting
1521057184610,204.0,0.0,0.0,3,sitting
1521057184830,216.0,0.0,0.0,3,sitting
1521057185930,204.0,0.0,0.0,3,sitting
1521057187490,192.0,0.0,0.0,3,sitting
1521057187930,204.0,0.0,0.0,3,sitting
1521057188910,192.0,0.0,0.0,3,sitting
1521057189030,204.0,0.0,0.0,3,sitting
1521057189590,192.0,0.0,0.0,3,sitting
1521057189810,180.0,0.0,0.0,3,sitting
1521057190570,168.0,0.0,0.0,3,sitting
1521057192130,180.0,0.0,0.0,3,sitting
1521057192230,228.0,0.0,0.0,3,sitting
1521057192349,324.0,0.0,0.0,3,sitting
1521057192449,396.0,0.0,0.0,3,sitting
1521057192570,408.0,0.0,0.0,3,sitting
1521057192669,384.0,0.0,0.0,3,sitting
1521057192789,276.0,0.0,0.0,3,sitting
1521057192909,216.0,0.0,0.0,3,sitting
1521057193009,156.0,0.0,0.0,3,sitting
1521057193130,144.0,0.0,0.0,3,sitting
1521057193230,216.0,0.0,0.0,3,sitting
1521057193350,228.0,0.0,0.0,3,sitting
1521057193569,204.0,0.0,0.0,3,sitting
1521057193790,192.0,0.0,0.0,3,sitting
1521057193890,180.0,0.0,0.0,3,sitting
1521057194550,168.0,0.0,0.0,3,sitting
1521057194789,156.0,0.0,0.0,3,sitting
1521057195449,168.0,0.0,0.0,3,sitting
1521057195549,228.0,0.0,0.0,3,sitting
1521057195669,300.0,0.0,0.0,3,sitting
1521057195770,360.0,0.0,0.0,3,sitting
1521057195889,468.0,0.0,0.0,3,sitting
1521057195989,576.0,0.0,0.0,3,sitting
1521057196110,516.0,0.0,0.0,3,sitting
1521057196210,288.0,0.0,0.0,3,sitting
1521057196330,204.0,0.0,0.0,3,sitting
1521057196429,132.0,0.0,0.0,3,sitting
1521057196550,168.0,0.0,0.0,3,sitting
1521057196670,180.0,0.0,0.0,3,sitting
1521057196770,168.0,0.0,0.0,3,sitting
1521057196890,180.0,0.0,0.0,3,sitting
1521057196990,204.0,0.0,0.0,3,sitting
1521057197210,192.0,0.0,0.0,3,sitting
1521057197329,240.0,0.0,0.0,3,sitting
1521057197429,252.0,0.0,0.0,3,sitting
1521057197549,240.0,0.0,0.0,3,sitting
1521057197650,228.0,0.0,0.0,3,sitting
1521057197769,216.0,0.0,0.0,3,sitting
1521057197990,204.0,0.0,0.0,3,sitting
1521057198429,192.0,0.0,0.0,3,sitting
1521057198869,216.0,0.0,0.0,3,sitting
1521057198990,252.0,0.0,0.0,3,sitting
1521057199090,324.0,0.0,0.0,3,sitting
1521057199210,432.0,0.0,0.0,3,sitting
1521057199309,648.0,0.0,0.0,3,sitting
1521057199429,636.0,0.0,0.0,3,sitting
1521057199529,492.0,0.0,0.0,3,sitting
1521057199649,324.0,0.0,0.0,3,sitting
1521057199749,216.0,0.0,0.0,3,sitting
1521057199870,168.0,0.0,0.0,3,sitting
1521057200090,180.0,0.0,0.0,3,sitting
1521057200190,192.0,0.0,0.0,3,sitting
1521057200429,216.0,0.0,0.0,3,sitting
1521057200533,336.0,0.0,0.0,3,sitting
1521057200649,528.0,0.0,0.0,3,sitting
1521057200749,576.0,0.0,0.0,3,sitting
1521057200870,444.0,0.0,0.0,3,sitting
1521057200969,312.0,0.0,0.0,3,sitting
1521057201089,252.0,0.0,0.0,3,sitting
1521057201189,216.0,0.0,0.0,3,sitting
1521057201309,204.0,0.0,0.0,3,sitting
1521057201412,192.0,0.0,0.0,3,sitting
1521057201629,180.0,0.0,0.0,3,sitting
1521057201969,192.0,0.0,0.0,3,sitting
1521057202629,204.0,0.0,0.0,3,sitting
1521057203850,216.0,0.0,0.0,3,sitting
1521057204289,228.0,0.0,0.0,3,sitting
1521057205290,216.0,0.0,0.0,3,sitting
1521057211270,228.0,0.0,0.0,3,sitting
1521057211369,216.0,0.0,0.0,3,sitting
1521057212249,204.0,0.0,0.0,3,sitting
1521057212469,216.0,0.0,0.0,3,sitting
1521057213689,204.0,0.0,0.0,3,sitting
1521057215349,192.0,0.0,0.0,3,sitting
1521057215569,204.0,0.0,0.0,3,sitting
1521057216130,192.0,0.0,0.0,3,sitting
1521057216450,156.0,0.0,0.0,3,sitting
1521057216569,132.0,0.0,0.0,3,sitting
1521057216910,144.0,0.0,0.0,3,sitting
1521057219449,120.0,0.0,0.0,3,sitting
1521057219549,72.0,0.0,0.0,3,sitting
1521057219769,84.0,0.0,0.0,3,sitting
1521057219990,72.0,0.0,0.0,3,sitting
1521057220109,84.0,0.0,0.0,3,sitting
1521057220210,108.0,0.0,0.0,3,sitting
1521057220330,120.0,0.0,0.0,3,sitting
1521057220430,108.0,0.0,0.0,3,sitting
1521057222869,120.0,0.0,0.0,3,sitting
1521057223310,132.0,0.0,0.0,3,sitting
1521057223650,120.0,0.0,0.0,3,sitting
1521057223869,132.0,0.0,0.0,3,sitting
1521057223970,192.0,0.0,0.0,3,sitting
1521057224090,384.0,0.0,0.0,3,sitting
1521057224190,624.0,0.0,0.0,3,sitting
1521057224309,744.0,0.0,0.0,3,sitting
1521057224410,684.0,0.0,0.0,3,sitting
1521057224530,480.0,0.0,0.0,3,sitting
1521057224649,204.0,0.0,0.0,3,sitting
1521057224749,144.0,0.0,0.0,3,sitting
1521057224970,120.0,0.0,0.0,3,sitting
1521057225091,84.0,0.0,0.0,3,sitting
1521057225190,96.0,0.0,0.0,3,sitting
1521057225849,108.0,0.0,0.0,3,sitting
1521057225969,360.0,0.0,0.0,3,sitting
1521057226070,444.0,0.0,0.0,3,sitting
1521057226189,468.0,0.0,0.0,3,sitting
1521057226290,504.0,0.0,0.0,3,sitting
1521057226410,516.0,0.0,0.0,3,sitting
1521057226509,528.0,0.0,0.0,3,sitting
1521057226629,540.0,0.0,0.0,3,sitting
1521057226749,468.0,0.0,0.0,3,sitting
1521057226849,204.0,0.0,0.0,3,sitting
1521057226970,108.0,0.0,0.0,3,sitting
1521057227069,120.0,0.0,0.0,3,sitting
1521057227510,108.0,0.0,0.0,3,sitting
1521057227629,120.0,0.0,0.0,3,sitting
1521057227852,108.0,0.0,0.0,3,sitting
1521057228169,96.0,0.0,0.0,3,sitting
1521057228289,84.0,0.0,0.0,3,sitting
1521057228729,72.0,0.0,0.0,3,sitting
1521057228949,84.0,0.0,0.0,3,sitting
1521057230049,72.0,0.0,0.0,3,sitting
1521057230610,84.0,0.0,0.0,3,sitting
1521057231709,72.0,0.0,0.0,3,sitting
1521057231830,84.0,0.0,0.0,3,sitting
1521057232929,72.0,0.0,0.0,3,sitting
1521057233149,84.0,0.0,0.0,3,sitting
1521057233270,72.0,0.0,0.0,3,sitting
1521057233490,84.0,0.0,0.0,3,sitting
1521057233815,72.0,0.0,0.0,3,sitting
1521057233930,84.0,0.0,0.0,3,sitting
1521057234250,72.0,0.0,0.0,3,sitting
1521057234369,84.0,0.0,0.0,3,sitting
1521057234589,72.0,0.0,0.0,3,sitting
1521057234690,60.0,0.0,0.0,3,sitting
1521057234809,48.0,0.0,0.0,3,sitting
1521057235249,60.0,0.0,0.0,3,sitting
1521057235370,48.0,0.0,0.0,3,sitting
1521057240990,60.0,0.0,0.0,3,sitting
1521057241110,132.0,0.0,0.0,3,sitting
1521057241231,252.0,0.0,0.0,3,sitting
1521057241329,240.0,0.0,0.0,3,sitting
1521057241452,216.0,0.0,0.0,3,sitting
1521057241669,180.0,0.0,0.0,3,sitting
1521057241769,156.0,0.0,0.0,3,sitting
1521057241889,144.0,0.0,0.0,3,sitting
1521057242869,132.0,0.0,0.0,3,sitting
1521057244870,120.0,0.0,0.0,3,sitting
1521057245309,108.0,0.0,0.0,3,sitting
1521057248849,96.0,0.0,0.0,3,sitting
1521057249509,108.0,0.0,0.0,3,sitting
1521057250070,96.0,0.0,0.0,3,sitting
1521057250169,84.0,0.0,0.0,3,sitting
1521057250730,96.0,0.0,0.0,3,sitting
1521057250949,84.0,0.0,0.0,3,sitting
1521057251289,72.0,0.0,0.0,3,sitting
1521057251949,84.0,0.0,0.0,3,sitting
1521057252049,120.0,0.0,0.0,3,sitting
1521057252169,144.0,0.0,0.0,3,sitting
1521057252269,168.0,0.0,0.0,3,sitting
1521057252390,156.0,0.0,0.0,3,sitting
1521057252489,144.0,0.0,0.0,3,sitting
1521057252609,132.0,0.0,0.0,3,sitting
1521057252829,120.0,0.0,0.0,3,sitting
1521057253053,108.0,0.0,0.0,3,sitting
1521057254709,96.0,0.0,0.0,3,sitting
1521057255809,108.0,0.0,0.0,3,sitting
1521057256690,120.0,0.0,0.0,3,sitting
1521057257129,132.0,0.0,0.0,3,sitting
1521057257249,120.0,0.0,0.0,3,sitting
1521057257590,132.0,0.0,0.0,3,sitting
1521057257689,192.0,0.0,0.0,3,sitting
1521057257809,348.0,0.0,0.0,3,sitting
1521057257909,372.0,0.0,0.0,3,sitting
1521057258130,396.0,0.0,0.0,3,sitting
1521057258249,456.0,0.0,0.0,3,sitting
1521057258349,360.0,0.0,0.0,3,sitting
1521057258469,600.0,0.0,0.0,3,sitting
1521057258570,876.0,0.0,0.0,3,sitting
1521057258689,912.0,0.0,0.0,3,sitting
1521057258790,900.0,0.0,0.0,3,sitting
1521057258910,876.0,0.0,0.0,3,sitting
1521057259129,888.0,0.0,0.0,3,sitting
1521057259789,876.0,0.0,0.0,3,sitting
1521057259909,888.0,0.0,0.0,3,sitting
1521057260230,876.0,0.0,0.0,3,sitting
1521057260349,888.0,0.0,0.0,3,sitting
1521057261229,900.0,0.0,0.0,3,sitting
1521057261550,888.0,0.0,0.0,3,sitting
1521057261670,900.0,0.0,0.0,3,sitting
1521057261770,912.0,0.0,0.0,3,sitting
1521057261890,768.0,0.0,0.0,3,sitting
1521057262010,468.0,0.0,0.0,3,sitting
1521057262110,336.0,0.0,0.0,3,sitting
1521057262229,288.0,0.0,0.0,3,sitting
1521057262330,240.0,0.0,0.0,3,sitting
1521057262450,216.0,0.0,0.0,3,sitting
1521057262550,180.0,0.0,0.0,3,sitting
1521057262670,144.0,0.0,0.0,3,sitting
1521057262770,132.0,0.0,0.0,3,sitting
1521057262890,120.0,0.0,0.0,3,sitting
1521057262990,108.0,0.0,0.0,3,sitting
1521057263110,96.0,0.0,0.0,3,sitting
1521057263430,84.0,0.0,0.0,3,sitting
1521057263650,72.0,0.0,0.0,3,sitting
1521057264650,84.0,0.0,0.0,3,sitting
1521057264769,360.0,0.0,0.0,3,sitting
1521057264870,672.0,0.0,0.0,3,sitting
1521057264989,768.0,0.0,0.0,3,sitting
1521057265090,816.0,0.0,0.0,3,sitting
1521057265209,828.0,0.0,0.0,3,sitting
1521057265430,792.0,0.0,0.0,3,sitting
1521057265529,456.0,0.0,0.0,3,sitting
1521057265649,204.0,0.0,0.0,3,sitting
1521057265749,120.0,0.0,0.0,3,sitting
1521057265869,108.0,0.0,0.0,3,sitting
1521057265970,96.0,0.0,0.0,3,sitting
1521057266089,72.0,0.0,0.0,3,sitting
1521057266318,60.0,0.0,0.0,3,sitting
1521057266649,48.0,0.0,0.0,3,sitting
1521057267630,60.0,0.0,0.0,3,sitting
1521057267749,84.0,0.0,0.0,3,sitting
1521057267850,96.0,0.0,0.0,3,sitting
1521057268070,84.0,0.0,0.0,3,sitting
1521057268309,96.0,0.0,0.0,3,sitting
1521057268410,120.0,0.0,0.0,3,sitting
1521057268530,108.0,0.0,0.0,3,sitting
1521057268630,96.0,0.0,0.0,3,sitting
1521057268749,84.0,0.0,0.0,3,sitting
1521057268849,60.0,0.0,0.0,3,sitting
1521057269289,72.0,0.0,0.0,3,sitting
1521057269410,60.0,0.0,0.0,3,sitting
1521057270409,48.0,0.0,0.0,3,sitting
1521057272169,60.0,0.0,0.0,3,sitting
1521057272271,72.0,0.0,0.0,3,sitting
1521057272390,120.0,0.0,0.0,3,sitting
1521057272509,252.0,0.0,0.0,3,sitting
1521057272609,360.0,0.0,0.0,3,sitting
1521057272729,252.0,0.0,0.0,3,sitting
1521057272830,180.0,0.0,0.0,3,sitting
1521057272950,168.0,0.0,0.0,3,sitting
1521057273049,156.0,0.0,0.0,3,sitting
1521057273169,120.0,0.0,0.0,3,sitting
1521057273269,96.0,0.0,0.0,3,sitting
1521057273392,84.0,0.0,0.0,3,sitting
1521057273710,72.0,0.0,0.0,3,sitting
1521057273929,96.0,0.0,0.0,3,sitting
1521057274049,216.0,0.0,0.0,3,sitting
1521057274149,624.0,0.0,0.0,3,sitting
1521057274269,804.0,0.0,0.0,3,sitting
1521057274389,576.0,0.0,0.0,3,sitting
1521057274490,504.0,0.0,0.0,3,sitting
1521057274710,588.0,0.0,0.0,3,sitting
1521057274830,768.0,0.0,0.0,3,sitting
1521057274930,408.0,0.0,0.0,3,sitting
1521057275049,252.0,0.0,0.0,3,sitting
1521057275149,228.0,0.0,0.0,3,sitting
1521057275270,192.0,0.0,0.0,3,sitting
1521057275369,180.0,0.0,0.0,3,sitting
1521057275490,168.0,0.0,0.0,3,sitting
1521057275589,156.0,0.0,0.0,3,sitting
1521057275810,168.0,0.0,0.0,3,sitting
1521057275929,180.0,0.0,0.0,3,sitting
1521057276029,192.0,0.0,0.0,3,sitting
1521057276150,204.0,0.0,0.0,3,sitting
1521057276369,192.0,0.0,0.0,3,sitting
1521057276809,204.0,0.0,0.0,3,sitting
1521057276930,192.0,0.0,0.0,3,sitting
1521057277030,180.0,0.0,0.0,3,sitting
1521057277150,168.0,0.0,0.0,3,sitting
1521057277370,180.0,0.0,0.0,3,sitting
1521057278249,168.0,0.0,0.0,3,sitting
1521057278690,180.0,0.0,0.0,3,sitting
1521057281790,192.0,0.0,0.0,3,sitting
1521057282009,180.0,0.0,0.0,3,sitting
1521057282130,192.0,0.0,0.0,3,sitting
1521057283550,180.0,0.0,0.0,3,sitting
1521057283890,192.0,0.0,0.0,3,sitting
1521057284009,180.0,0.0,0.0,3,sitting
1521057286210,192.0,0.0,0.0,3,sitting
1521057286649,180.0,0.0,0.0,3,sitting
1521057286770,168.0,0.0,0.0,3,sitting
1521057286870,156.0,0.0,0.0,3,sitting
1521057286990,132.0,0.0,0.0,3,sitting
1521057287089,120.0,0.0,0.0,3,sitting
1521057287209,108.0,0.0,0.0,3,sitting
1521057287432,132.0,0.0,0.0,3,sitting
1521057287552,144.0,0.0,0.0,3,sitting
1521057287770,96.0,0.0,0.0,3,sitting
1521057287989,108.0,0.0,0.0,3,sitting
1521057288089,120.0,0.0,0.0,3,sitting
1521057288209,132.0,0.0,0.0,3,sitting
1521057288432,120.0,0.0,0.0,3,sitting
1521057288649,132.0,0.0,0.0,3,sitting
1521057288749,156.0,0.0,0.0,3,sitting
1521057289190,144.0,0.0,0.0,3,sitting
1521057289429,132.0,0.0,0.0,3,sitting
1521057289530,120.0,0.0,0.0,3,sitting
1521057289649,108.0,0.0,0.0,3,sitting
1521057289969,120.0,0.0,0.0,3,sitting
1521057290089,132.0,0.0,0.0,3,sitting
1521057290190,120.0,0.0,0.0,3,sitting
1521057290309,108.0,0.0,0.0,3,sitting
1521057290409,96.0,0.0,0.0,3,sitting
1521057290529,84.0,0.0,0.0,3,sitting
1521057291189,72.0,0.0,0.0,3,sitting
1521057291529,60.0,0.0,0.0,3,sitting
1521057291850,48.0,0.0,0.0,3,sitting
1521057293949,60.0,0.0,0.0,3,sitting
1521057294170,72.0,0.0,0.0,3,sitting
1521057294289,192.0,0.0,0.0,3,sitting
1521057294389,216.0,0.0,0.0,3,sitting
1521057294509,192.0,0.0,0.0,3,sitting
1521057294729,216.0,0.0,0.0,3,sitting
1521057294949,324.0,0.0,0.0,3,sitting
1521057295050,252.0,0.0,0.0,3,sitting
1521057295169,204.0,0.0,0.0,3,sitting
1521057295270,180.0,0.0,0.0,3,sitting
1521057295389,156.0,0.0,0.0,3,sitting
1521057295491,132.0,0.0,0.0,3,sitting
1521057295616,120.0,0.0,0.0,3,sitting
1521057295729,108.0,0.0,0.0,3,sitting
1521057295950,96.0,0.0,0.0,3,sitting
1521057296489,84.0,0.0,0.0,3,sitting
1521057296610,96.0,0.0,0.0,3,sitting
1521057296930,108.0,0.0,0.0,3,sitting
1521057297050,120.0,0.0,0.0,3,sitting
1521057297370,108.0,0.0,0.0,3,sitting
1521057297710,96.0,0.0,0.0,3,sitting
1521057297830,108.0,0.0,0.0,3,sitting
1521057297929,96.0,0.0,0.0,3,sitting
1521057300029,108.0,0.0,0.0,3,sitting
1521057300149,252.0,0.0,0.0,3,sitting
1521057300249,240.0,0.0,0.0,3,sitting
1521057300370,180.0,0.0,0.0,3,sitting
1521057300469,144.0,0.0,0.0,3,sitting
1521057300590,132.0,0.0,0.0,3,sitting
1521057300695,120.0,0.0,0.0,3,sitting
1521057301129,108.0,0.0,0.0,3,sitting
1521057301809,120.0,0.0,0.0,3,sitting
1521057302029,108.0,0.0,0.0,3,sitting
1521057302129,120.0,0.0,0.0,3,sitting
1521057302249,108.0,0.0,0.0,3,sitting
1521057302349,120.0,0.0,0.0,3,sitting
1521057302573,108.0,0.0,0.0,3,sitting
1521057303009,96.0,0.0,0.0,3,sitting
1521057303350,108.0,0.0,0.0,3,sitting
1521057303450,120.0,0.0,0.0,3,sitting
1521057303569,144.0,0.0,0.0,3,sitting
1521057303689,168.0,0.0,0.0,3,sitting
1521057303790,156.0,0.0,0.0,3,sitting
1521057303910,144.0,0.0,0.0,3,sitting
1521057304130,132.0,0.0,0.0,3,sitting
1521057304449,120.0,0.0,0.0,3,sitting
1521057305109,144.0,0.0,0.0,3,sitting
1521057305229,156.0,0.0,0.0,3,sitting
1521057305449,144.0,0.0,0.0,3,sitting
1521057305549,168.0,0.0,0.0,3,sitting
1521057305670,156.0,0.0,0.0,3,sitting
1521057305789,132.0,0.0,0.0,3,sitting
1521057306109,120.0,0.0,0.0,3,sitting
1521057306230,108.0,0.0,0.0,3,sitting
1521057306549,96.0,0.0,0.0,3,sitting
1521057306989,108.0,0.0,0.0,3,sitting
1521057308651,96.0,0.0,0.0,3,sitting
1521057310530,108.0,0.0,0.0,3,sitting
1521057310650,168.0,0.0,0.0,3,sitting
1521057310749,204.0,0.0,0.0,3,sitting
1521057310869,240.0,0.0,0.0,3,sitting
1521057310971,300.0,0.0,0.0,3,sitting
1521057311089,336.0,0.0,0.0,3,sitting
1521057311189,276.0,0.0,0.0,3,sitting
1521057311309,180.0,0.0,0.0,3,sitting
1521057311413,120.0,0.0,0.0,3,sitting
1521057311529,108.0,0.0,0.0,3,sitting
1521057311629,156.0,0.0,0.0,3,sitting
1521057311749,312.0,0.0,0.0,3,sitting
1521057311869,288.0,0.0,0.0,3,sitting
1521057311970,216.0,0.0,0.0,3,sitting
1521057312090,288.0,0.0,0.0,3,sitting
1521057312189,228.0,0.0,0.0,3,sitting
1521057312310,156.0,0.0,0.0,3,sitting
1521057312409,120.0,0.0,0.0,3,sitting
1521057312630,108.0,0.0,0.0,3,sitting
1521057312849,96.0,0.0,0.0,3,sitting
1521057313070,84.0,0.0,0.0,3,sitting
1521057314069,72.0,0.0,0.0,3,sitting
1521057317389,84.0,0.0,0.0,3,sitting
1521057317930,96.0,0.0,0.0,3,sitting
1521057318049,108.0,0.0,0.0,3,sitting
1521057318169,156.0,0.0,0.0,3,sitting
1521057318269,240.0,0.0,0.0,3,sitting
1521057318390,204.0,0.0,0.0,3,sitting
1521057318489,132.0,0.0,0.0,3,sitting
1521057318609,108.0,0.0,0.0,3,sitting
1521057319370,120.0,0.0,0.0,3,sitting
1521057319489,144.0,0.0,0.0,3,sitting
1521057319590,216.0,0.0,0.0,3,sitting
1521057319709,264.0,0.0,0.0,3,sitting
1521057319810,168.0,0.0,0.0,3,sitting
1521057319932,132.0,0.0,0.0,3,sitting
1521057320050,96.0,0.0,0.0,3,sitting
1521057320149,84.0,0.0,0.0,3,sitting
1521057320490,96.0,0.0,0.0,3,sitting
1521057320709,120.0,0.0,0.0,3,sitting
1521057320810,144.0,0.0,0.0,3,sitting
1521057320930,168.0,0.0,0.0,3,sitting
1521057321030,204.0,0.0,0.0,3,sitting
1521057321150,348.0,0.0,0.0,3,sitting
1521057321250,360.0,0.0,0.0,3,sitting
1521057321370,204.0,0.0,0.0,3,sitting
1521057321470,120.0,0.0,0.0,3,sitting
1521057321590,96.0,0.0,0.0,3,sitting
1521057321690,120.0,0.0,0.0,3,sitting
1521057321810,144.0,0.0,0.0,3,sitting
1521057321930,156.0,0.0,0.0,3,sitting
1521057322030,192.0,0.0,0.0,3,sitting
1521057322150,216.0,0.0,0.0,3,sitting
1521057322249,192.0,0.0,0.0,3,sitting
1521057322369,120.0,0.0,0.0,3,sitting
1521057322469,96.0,0.0,0.0,3,sitting
1521057322589,108.0,0.0,0.0,3,sitting
1521057323129,144.0,0.0,0.0,3,sitting
1521057323250,228.0,0.0,0.0,3,sitting
1521057323469,216.0,0.0,0.0,3,sitting
1521057323570,180.0,0.0,0.0,3,sitting
1521057323689,168.0,0.0,0.0,3,sitting
1521057323789,144.0,0.0,0.0,3,sitting
1521057323909,120.0,0.0,0.0,3,sitting
1521057324030,108.0,0.0,0.0,3,sitting
1521057335410,120.0,0.0,0.0,3,sitting
1521057335510,144.0,0.0,0.0,3,sitting
1521057335630,156.0,0.0,0.0,3,sitting
1521057335730,132.0,0.0,0.0,3,sitting
1521057335849,120.0,0.0,0.0,3,sitting
1521057336290,132.0,0.0,0.0,3,sitting
1521057336410,144.0,0.0,0.0,3,sitting
1521057336629,132.0,0.0,0.0,3,sitting
1521057336850,120.0,0.0,0.0,3,sitting
1521057336950,108.0,0.0,0.0,3,sitting
1521057337070,96.0,0.0,0.0,3,sitting
1521057337509,108.0,0.0,0.0,3,sitting
1521057337610,156.0,0.0,0.0,3,sitting
1521057337730,180.0,0.0,0.0,3,sitting
1521057337830,156.0,0.0,0.0,3,sitting
1521057338069,180.0,0.0,0.0,3,sitting
1521057338169,192.0,0.0,0.0,3,sitting
1521057338290,180.0,0.0,0.0,3,sitting
1521057338390,156.0,0.0,0.0,3,sitting
1521057338510,144.0,0.0,0.0,3,sitting
1521057338830,168.0,0.0,0.0,3,sitting
1521057338950,180.0,0.0,0.0,3,sitting
1521057339051,144.0,0.0,0.0,3,sitting
1521057339269,180.0,0.0,0.0,3,sitting
1521057339389,192.0,0.0,0.0,3,sitting
1521057339490,132.0,0.0,0.0,3,sitting
1521057339710,120.0,0.0,0.0,3,sitting
1521057340270,108.0,0.0,0.0,3,sitting
1521057341269,96.0,0.0,0.0,3,sitting
1521057341369,108.0,0.0,0.0,3,sitting
1521057342150,96.0,0.0,0.0,3,sitting
1521057342589,108.0,0.0,0.0,3,sitting
1521057344369,120.0,0.0,0.0,3,sitting
1521057345250,132.0,0.0,0.0,3,sitting
1521057348009,120.0,0.0,0.0,3,sitting
1521057348230,132.0,0.0,0.0,3,sitting
1521057348350,156.0,0.0,0.0,3,sitting
1521057348449,216.0,0.0,0.0,3,sitting
1521057348569,288.0,0.0,0.0,3,sitting
1521057348669,312.0,0.0,0.0,3,sitting
1521057348790,336.0,0.0,0.0,3,sitting
1521057348889,360.0,0.0,0.0,3,sitting
1521057349009,384.0,0.0,0.0,3,sitting
1521057349111,480.0,0.0,0.0,3,sitting
1521057349229,732.0,0.0,0.0,3,sitting
1521057349329,780.0,0.0,0.0,3,sitting
1521057349449,300.0,0.0,0.0,3,sitting
1521057349549,144.0,0.0,0.0,3,sitting
1521057349669,96.0,0.0,0.0,3,sitting
1521057349770,60.0,0.0,0.0,3,sitting
1521057350109,84.0,0.0,0.0,3,sitting
1521057350229,120.0,0.0,0.0,3,sitting
1521057350330,144.0,0.0,0.0,3,sitting
1521057350770,132.0,0.0,0.0,3,sitting
1521057350989,120.0,0.0,0.0,3,sitting
1521057351110,132.0,0.0,0.0,3,sitting
1521057351429,144.0,0.0,0.0,3,sitting
1521057351549,156.0,0.0,0.0,3,sitting
1521057351649,588.0,0.0,0.0,3,sitting
1521057351770,540.0,0.0,0.0,3,sitting
1521057351869,156.0,0.0,0.0,3,sitting
1521057351990,84.0,0.0,0.0,3,sitting
1521057352110,48.0,0.0,0.0,3,sitting
1521057352209,36.0,0.0,0.0,3,sitting
1521057352434,48.0,0.0,0.0,3,sitting
1521057352550,72.0,0.0,0.0,3,sitting
1521057352650,96.0,0.0,0.0,3,sitting
1521057352769,108.0,0.0,0.0,3,sitting
1521057352869,120.0,0.0,0.0,3,sitting
1521057352989,132.0,0.0,0.0,3,sitting
1521057353210,108.0,0.0,0.0,3,sitting
1521057353309,84.0,0.0,0.0,3,sitting
1521057353429,108.0,0.0,0.0,3,sitting
1521057353750,96.0,0.0,0.0,3,sitting
1521057353989,108.0,0.0,0.0,3,sitting
1521057354089,96.0,0.0,0.0,3,sitting
1521057355529,84.0,0.0,0.0,3,sitting
1521057355629,96.0,0.0,0.0,3,sitting
1521057355850,84.0,0.0,0.0,3,sitting
1521057356529,96.0,0.0,0.0,3,sitting
1521057358510,84.0,0.0,0.0,3,sitting
1521057358630,72.0,0.0,0.0,3,sitting
1521057359069,84.0,0.0,0.0,3,sitting
1521057360389,96.0,0.0,0.0,3,sitting
1521057360950,108.0,0.0,0.0,3,sitting
1521057361829,120.0,0.0,0.0,3,sitting
1521057363052,108.0,0.0,0.0,3,sitting
1521057363269,96.0,0.0,0.0,3,sitting
1521057363369,108.0,0.0,0.0,3,sitting
1521057363489,120.0,0.0,0.0,3,sitting
1521057364149,108.0,0.0,0.0,3,sitting
1521057364490,120.0,0.0,0.0,3,sitting
1521057364591,108.0,0.0,0.0,3,sitting
1521057365909,96.0,0.0,0.0,3,sitting
1521057366031,108.0,0.0,0.0,3,sitting
1521057366809,120.0,0.0,0.0,3,sitting
1521057367129,108.0,0.0,0.0,3,sitting
